代码,名称,最新,涨跌幅,成交量(手),成交金额,换手率,正股名称,正股价格,正股涨跌幅,转股价格,转股价值,转股溢价率,纯债价值,纯债YTM,平价底价溢价率,权证价格,有条件赎回价,到期赎回价,有条件回售价,剩余期限,到期日期,债券余额(亿元),主体评级,债券评级,类型,双低
110033.SH,国贸转债,117.43,-0.0021,57422000,66967233,0.049102197336585,厦门国贸,8.26,-0.0271,7.18,115.0418,0.0208,106.4124,-15.1406,0.0812,11.025,INF,108,INF,0.526,20220105,1169438500,AAA,AAA,平衡型,119.51
110034.SH,九州转债,108.87,-0.001,11241000,12234851,0.00749815397730343,九州通,15,-0.0053,17.83,84.1279,0.2941,106.2882,-1.4298,-0.2084,2.599,INF,108,103,0.5534,20220115,1499169000,AA+,AA+,偏债型,138.28
110038.SH,济川转债,105.83,0.0004,1074000,1136724,0.00170276723457283,济川药业,17.47,0.0034,23.4,74.6581,0.4175,102.5865,1.1475,-0.2722,3.247,INF,106,INF,1.3808,20221113,630738000,AA,AA,偏债型,147.58
110041.SH,蒙电转债,105.98,-0.0024,43219000,45811930,0.0230760153921972,内蒙华电,2.33,-0.0169,2.56,91.0156,0.1644,100.7808,1.2676,-0.0967,5.217,INF,106,INF,2.4877,20231222,1872897000,AAA,AAA,平衡型,122.42
110043.SH,无锡转债,115.05,0.0087,114149000,131163159,0.039073697095582,无锡银行,5.88,0.0191,5.79,101.5544,0.1329,99.1302,-2.3251,0.025,15.976,INF,106,INF,2.5945,20240130,2921377000,AA+,AA+,平衡型,128.34
110044.SH,广电转债,247.35,0.0006,44378000,110322743,0.626029793477034,广电网络,6.05,0.0254,6.9,87.6812,1.821,100.0877,-23.4704,-0.1231,147.356,INF,108,INF,3,20240627,70888000,AA,AA,平衡型,429.45
110045.SH,海澜转债,111.18,0.0056,29665000,33000828,0.0100570640492422,海澜之家,7.07,0.0232,7.04,100.4261,0.1071,99.8041,-0.024,0.0072,11.467,INF,108,100.13,3.0438,20240713,2949668000,AA+,AA+,平衡型,121.89
110047.SH,山鹰转债,117.68,0.0041,17183000,20233624,0.00764972683044968,山鹰国际,3.52,0.0057,3.34,105.3892,0.1166,104.0662,-0.0458,0.0133,13.671,INF,113,100.17,3.4027,20241121,2246224000,AA+,AA+,平衡型,129.34
110048.SH,福能转债,138.5,0.0078,31669000,43507580,0.0162428959448871,福能股份,11.15,0.0054,8.12,137.3153,0.0086,100.1386,-5.7566,0.372,38.414,INF,109,INF,3.4466,20241207,1949713900,AA+,AA+,偏股型,139.36
110051.SH,中天转债,115.54,0.0035,27007000,31156755,0.00681267575931556,中天科技,10.02,-0.005,9.99,100.3003,0.1519,99.2431,-0.5407,0.0114,16.368,INF,109,INF,3.674,20250228,3964228000,AA+,AA+,平衡型,130.73
110052.SH,贵广转债,102.32,0.0204,137550000,140406198,0.0901043717160707,贵广网络,5.5,0.1,7.94,69.2695,0.4771,103.0565,3.9454,-0.3274,-0.663,INF,113,INF,3.6877,20250305,1526563000,AA+,AA+,偏债型,150.03
110053.SH,苏银转债,123.85,0.0002,73086000,90544927,0.00365442096133382,江苏银行,7.24,0.0042,6.37,113.6578,0.0897,104.2926,-1.2611,0.0915,19.719,INF,111,INF,3.7123,20250314,19999338000,AAA,AAA,平衡型,132.82
110055.SH,伊力转债,196.35,0.0095,1057618000,2083994657,4.33628249645244,伊力特,32,0.0156,16.81,190.3629,0.0315,98.1515,-13.7365,0.9415,98.3,INF,110,INF,3.7151,20250315,243899700,AA,AA,偏股型,199.5
110056.SH,亨通转债,104.54,-0.0007,8080000,8460119,0.0047240383980131,亨通光电,11.59,-0.0094,15.01,77.2152,0.3539,99.9258,2.4677,-0.2267,4.686,INF,110,INF,3.726,20250319,1710401000,AA+,AA+,偏债型,139.93
110057.SH,现代转债,112.66,0.0101,8631000,9687765,0.0053419834968546,国药现代,9.89,0.0071,9.79,101.0215,0.1152,96.9017,-0.571,0.0442,15.912,INF,106,INF,3.7616,20250401,1615692000,AAA,AAA,平衡型,124.18
110058.SH,永鼎转债,104.91,-0.0012,13363000,14029947,0.0511578761997006,永鼎股份,3.88,0.0026,5.04,76.9841,0.3627,90.2881,2.3196,-0.1463,14.728,INF,110,INF,3.8027,20250416,261211000,AA-,AA-,平衡型,141.18
110059.SH,浦发转债,102.83,-0.0008,249646000,256802893,0.00499303104501044,浦发银行,10.08,0.006,14.45,69.7578,0.4741,101.1024,3.24,-0.3092,1.843,INF,110,INF,4.337,20251028,49998888000,AAA,AAA,偏债型,150.24
110060.SH,天路转债,109.95,-0.0005,4296000,4718085,0.00608153159466082,西藏天路,6.86,0.0015,7.16,95.8101,0.1476,95.5052,1.0409,0.0035,14.473,INF,110,INF,4.337,20251028,706401000,AA,AA,平衡型,124.71
110061.SH,川投转债,128.82,0.0034,845000,1088792,0.000213252058305081,川投能源,11.95,0.0034,9.58,124.739,0.0327,94.8808,-3.4468,0.316,34.032,INF,106,INF,4.3753,20251111,3962447100,AAA,AAA,偏股型,132.09
110062.SH,烽火转债,107.02,0.0034,8983000,9576917,0.00290931820647642,烽火通信,18.61,0.0005,22.93,81.1601,0.3186,94.6842,0.8013,-0.142,12.429,INF,106,INF,4.4329,20251202,3087665000,AAA,AAA,平衡型,138.88
110063.SH,鹰19转债,119.08,-0.0035,8251000,9820204,0.00447164561544606,山鹰国际,3.52,0.0057,3.3,106.6667,0.1164,98.0721,-0.6153,0.088,21.039,INF,111,100.17,4.463,20241121,1845182000,AA+,AA+,平衡型,130.72
110064.SH,建工转债,99.47,0.0047,14776000,14695997,0.00890211648180838,重庆建工,3.54,-0.0084,4.57,77.4617,0.2841,101.395,4.34,-0.2358,-1.892,INF,113,INF,4.4822,20251220,1659830000,AA+,AA+,偏债型,127.88
110065.SH,淮矿转债,155.69,0.0971,978151000,1512850919,3.0107533170117,淮北矿业,13.56,0.0998,8.68,156.2212,-0.0034,94.4267,-7.4146,0.656,61.356,INF,106,INF,4.4904,20251223,324885800,AAA,AAA,偏股型,155.35
110066.SH,盛屯转债,157.38,0.0414,453362000,719867302,0.868663841260699,盛屯矿业,7.35,0.047,4.88,150.6148,0.0449,93.8081,-6.606,0.6058,63.587,INF,110,INF,4.6795,20260302,521907300,AA,AA,偏股型,161.87
110067.SH,华安转债,109.12,0.0107,72300000,78475764,0.0258255606611344,华安证券,5.71,0.0196,6.22,91.8006,0.1887,93.0901,0.2314,-0.0126,16.148,INF,107,INF,4.7068,20260312,2799552000,AAA,AAA,平衡型,127.99
110068.SH,龙净转债,101.42,0.0003,17203000,17454148,0.00860211505122616,龙净环保,8.68,-0.0023,10.73,80.8947,0.2537,96.0112,2.6967,-0.1567,5.494,INF,110,INF,4.7397,20260324,1999857000,AA+,AA+,平衡型,126.79
110070.SH,凌钢转债,115.15,0.0161,47456000,54760467,0.218555679288331,凌钢股份,2.95,0.0351,2.75,107.2727,0.0734,95.3709,0.4123,0.1251,19.804,INF,112,INF,4.7945,20260413,217134600,AA,AA,平衡型,122.49
110071.SH,湖盐转债,108.56,0.0043,14428000,15607150,0.02004103216594,雪天盐业,6.6,0.0107,6.52,101.227,0.0724,92.5452,1.2095,0.0943,16.056,INF,110,INF,5.0356,20260710,719923000,AA,AA,平衡型,115.8
110072.SH,广汇转债,92.76,0.0028,60925000,56816610,0.0180837811115982,广汇汽车,2.93,-0.0034,4.03,72.7047,0.2758,93.9243,4.2464,-0.2256,-1.122,INF,110,INF,5.1425,20260818,3369041000,AA+,AA+,偏债型,120.34
110073.SH,国投转债,109.38,0.0142,76181000,82980065,0.00952312020225052,国投资本,8.68,0.026,9.9,87.6768,0.2475,91.9289,0.2035,-0.0446,17.614,INF,107,INF,5.074,20260724,7999584000,AAA,AAA,平衡型,134.13
110074.SH,精达转债,178.97,-0.0197,97696000,174045947,0.142594357323396,精达股份,6.39,-0.0448,3.73,171.3137,0.0447,93.6702,-8.0133,0.8299,85.348,INF,112,INF,5.1452,20260819,685132300,AA,AA,偏股型,183.44
110075.SH,南航转债,125.4,0.0031,9832000,12286137,0.00166733906286116,南方航空,6.16,-0.0065,6.24,98.7179,0.2703,90.63,-2.4691,0.091,34.92,INF,106.5,INF,5.3014,20261015,5896821000,AAA,AAA,平衡型,152.43
110076.SH,华海转债,108.8,0.0013,6396000,6942835,0.00347128903137793,华海药业,21.4,-0.0373,34.46,62.101,0.752,90.9152,1.0766,-0.3166,17.93,INF,110,INF,5.3507,20261102,1842543200,AA,AA,偏债型,184
110077.SH,洪城转债,116.14,-0.0028,17064000,19803333,0.00948148543271779,洪城环境,7.53,0,7.13,105.6101,0.0997,91.897,-0.4297,0.1497,24.279,INF,110,INF,5.4,20261120,1799718000,AA+,AA+,平衡型,126.11
110079.SH,杭银转债,114.62,-0.0026,229503000,262235767,0.0153002,杭州银行,14.85,-0.0133,16.71,88.8689,0.2898,90.7092,-0.3439,-0.0198,23.956,INF,108,INF,5.7534,20270329,15000000000,AAA,AAA,平衡型,143.6
110080.SH,东湖转债,107.45,0.0154,32335000,34570246,0.0208612903225806,东湖高新,6.12,0.0149,6.05,101.157,0.0622,88.8292,1.2145,0.139,18.639,INF,110,INF,5.7918,20270412,1550000000,AA,AA,平衡型,113.67
111000.SH,起帆转债,108.31,-0.006,27564000,29870133,0.027564,起帆电缆,20.14,-0.0079,20.53,98.1003,0.1041,81.9563,1.8537,0.1972,26.369,INF,115,INF,5.9068,20270524,1000000000,AA-,AA-,平衡型,118.72
113009.SH,广汽转债,111.43,0.0012,35774000,39988839,0.0140344352487391,广汽集团,12.93,-0.0008,13.97,92.5555,0.2039,104.2942,-8.4296,-0.1125,7.138,INF,106,100.68,0.5726,20220122,2549016000,AAA,AAA,平衡型,131.82
113011.SH,光大转债,117,0.0042,82383000,96444190,0.00340441263251435,光大银行,3.81,0.0053,3.76,101.3298,0.1546,101.2774,-5.1957,0.0009,15.759,INF,105,INF,1.7205,20230317,24198888000,AAA,AAA,平衡型,132.46
113012.SH,骆驼转债,124,0.001,6860000,8447564,0.0134663478714926,骆驼股份,11.24,-0.0027,10.06,111.7296,0.1098,100.2604,-8.4105,0.1146,23.754,INF,105,INF,1.7397,20230324,509418000,AA,AA,平衡型,134.98
113013.SH,国君转债,114.86,0.0084,78932000,90313283,0.011291810147322,国泰君安,17.26,0.0171,19.01,90.7943,0.2651,101.672,-2.9126,-0.1067,13.223,INF,105,INF,2.0274,20230707,6990199000,AAA,AAA,平衡型,141.37
113014.SH,林洋转债,109.99,-0.0156,122907000,135935938,0.0409718953472712,林洋能源,8.23,-0.026,8.54,96.37,0.1413,100.4124,-0.2737,-0.0401,9.596,INF,106,INF,2.3342,20231027,2999788000,AA,AA,平衡型,124.12
113016.SH,小康转债,494.33,-0.0432,559968000,2813246131,2.34124510348686,小康股份,75.3,-0.0495,15.7,479.6178,0.0307,100.2153,-47.5392,3.7863,394.124,INF,106,INF,2.3616,20231106,239175300,AA,AA,偏股型,497.4
113017.SH,吉视转债,98.1,0.0031,11695000,11461796,0.00750126678083729,吉视传媒,1.89,0.0053,2.95,64.0678,0.5312,99.9987,4.2841,-0.359,-1.851,INF,106,INF,2.5014,20231227,1559070000,AA+,AA+,偏债型,151.22
113021.SH,中信转债,105.89,-0.0002,51051000,54056409,0.00127628495502265,中信银行,5.15,0.0059,6.98,73.7822,0.4352,104.1179,3.0683,-0.2903,1.932,INF,111,INF,3.6849,20250304,39999688000,AAA,AAA,偏债型,149.41
113024.SH,核建转债,102.95,0.0005,3089000,3182460,0.00103103003204571,中国核建,7.32,-0.0054,9.76,75,0.3727,95.9613,1.6247,-0.2172,7.142,INF,105,INF,3.7808,20250408,2996033000,AAA,AAA,偏债型,140.22
113025.SH,明泰转债,186.48,-0.0131,41116000,76807483,0.0374837155154102,明泰铝业,19.85,-0.0144,11,180.4545,0.0334,97.9427,-12.2562,0.8444,88.642,INF,110,INF,3.7863,20250410,1096903000,AA,AA,偏股型,189.82
113026.SH,核能转债,106.22,-0.0035,20373000,21685222,0.00261200846950766,中国核电,5.11,-0.0058,5.86,87.2014,0.2181,95.897,0.7685,-0.0892,10.477,INF,105,INF,3.8,20250415,7799745000,AAA,AAA,平衡型,128.03
113027.SH,华钰转债,98.31,0.0008,9631000,9468547,0.0296129803922774,ST华钰,7.06,-0.0042,10.17,69.4199,0.4162,76.356,3.941,-0.0901,22.019,INF,110,INF,3.9644,20250614,325229000,A,A,平衡型,139.93
113030.SH,东风转债,114.08,0.0097,15321000,17429916,0.0518946052778653,东风股份,6.76,0.0181,6.45,104.8062,0.0885,96.3037,0.5552,0.0883,17.776,INF,112,INF,4.4932,20251224,295233000,AA,AA,平衡型,122.93
113033.SH,利群转债,101.26,-0.0032,20637000,20886277,0.0114657516437189,利群股份,6.3,-0.0263,7.01,89.8716,0.1267,93.4383,2.7398,-0.0379,7.846,INF,110,INF,4.7616,20260401,1799882000,AA,AA,平衡型,113.93
113034.SH,滨化转债,149.88,0.0373,76248000,113885768,0.131272086569885,滨化股份,6.86,0.0347,4.58,149.7817,0.0007,93.2394,-5.5017,0.6068,56.664,INF,110,INF,4.7863,20260410,580839400,AA,AA,偏股型,149.95
113036.SH,宁建转债,102.18,0.0001,3942000,4029180,0.0073006624675202,宁波建工,3.78,-0.0026,4.76,79.4118,0.2867,94.2887,2.8435,-0.1574,7.933,INF,112,INF,5.0247,20260706,539951000,AA,AA,平衡型,130.85
113037.SH,紫银转债,103.25,0.0067,69622000,71848494,0.0154723498028454,紫金银行,3.71,0.0082,4.65,79.7849,0.2941,95.471,2.3375,-0.1639,7.823,INF,110,INF,5.0712,20260723,4499769000,AA+,AA+,平衡型,132.66
113039.SH,嘉泽转债,117.17,-0.0217,199379000,235103012,0.361976154987137,嘉泽新能,3.91,-0.0298,3.46,113.0058,0.0368,90.2429,-0.6955,0.2529,26.974,INF,108,INF,5.1589,20260824,550807000,AA,AA,偏股型,120.85
113040.SH,星宇转债,141.04,-0.0141,85292000,120089011,0.0569242346125802,星宇股份,221.36,-0.0141,156.7,141.2636,-0.0016,90.6729,-4.3674,0.5586,50.406,INF,108,INF,5.3205,20261022,1498342500,AA+,AA+,偏股型,140.88
113041.SH,紫金转债,144.39,0.0435,540412000,774725796,2.14195401797711,紫金矿业,10.15,0.0432,7,145,-0.0042,92.3602,-6.4941,0.5715,52.12,INF,106,INF,4.3534,20251103,252298600,AAA,AAA,偏股型,143.97
113042.SH,上银转债,102.49,-0.0009,226712000,232553240,0.0113356,上海银行,8.3,0.0085,11.03,75.2493,0.362,98.6811,3.0897,-0.2367,3.908,INF,112,INF,5.5808,20270125,20000000000,AAA,AAA,偏债型,138.69
113043.SH,财通转债,108.01,0.0128,65111000,70084526,0.0171348704917377,财通证券,10.66,0.024,13.13,81.1881,0.3304,90.1593,0.3735,-0.0984,17.964,INF,106,INF,5.4548,20261210,3799912000,AAA,AAA,平衡型,141.05
113044.SH,大秦转债,103.3,0.001,163579000,168723705,0.00511191745745984,大秦铁路,6.58,0.0077,7.66,85.9008,0.2026,93.4358,1.8719,-0.0795,9.981,INF,108,INF,5.4658,20261214,31999538600,AAA,AAA,平衡型,123.56
113045.SH,环旭转债,116.65,0.0056,8657000,10081665,0.00250927536231884,环旭电子,16.73,-0.0059,19.75,84.7089,0.3771,89.334,-0.7207,-0.0515,27.338,INF,108,INF,5.6849,20270304,3450000000,AA+,AA+,平衡型,154.36
113046.SH,金田转债,102.41,0.0045,12723000,13009799,0.008482,金田铜业,8.85,0.0184,10.75,82.3256,0.244,91.5795,2.0599,-0.1008,10.853,INF,110,INF,5.7342,20270322,1500000000,AA+,AA+,平衡型,126.81
113047.SH,旗滨转债,157.03,-0.0019,28932000,45414633,0.019288,旗滨集团,18.02,-0.0259,12.8,140.7813,0.1154,90.4843,-5.4427,0.5562,66.563,INF,110,INF,5.7836,20270409,1500000000,AA+,AA+,偏股型,168.57
113048.SH,晶科转债,109.63,-0.0002,36108000,39686546,0.012036,晶科科技,5.48,-0.0144,5.48,100,0.0963,90.241,1.1572,0.1084,19.408,INF,112,INF,5.8219,20270423,3000000000,AA,AA,平衡型,119.26
113049.SH,长汽转债,0,0,0,0,0,长城汽车,43.88,-0.0216,38.39,114.3006,0,88.306,0,0.2946,0,INF,107,INF,5.9534,20270610,3500000000,AAA,AAA,偏股型,0
113050.SH,南银转债,0,0,0,0,0,南京银行,10.8,0.0578,10.1,106.9307,0,88.8647,0,0.2035,0,INF,107,INF,5.9671,20270615,20000000000,AAA,AAA,偏股型,0
113051.SH,节能转债,0,0,0,0,0,节能风电,3.88,-0.0177,4.05,95.8025,0,90.0126,0,0.1441,0,INF,110,INF,5.9836,20270621,3000000000,AA+,AA+,平衡型,0
113502.SH,嘉澳转债,112.75,0.0002,13189000,14872448,0.0714436613996219,嘉澳环保,26.85,-0.0161,44.64,60.1478,0.8745,96.8323,-0.5528,-0.3791,15.881,INF,108,INF,2.3726,20231110,184607000,A+,AA-,偏债型,200.2
113504.SH,艾华转债,151.29,0.0208,36415000,55047942,0.0738702407299593,艾华集团,31.27,0.0081,20.81,150.2643,0.0068,98.769,-11.5658,0.5219,52.556,INF,106,INF,2.6795,20240302,492959000,AA,AA,偏股型,151.97
113505.SH,杭电转债,106.2,0.0008,13688000,14551900,0.01825468269686,杭电股份,6.65,-0.0015,7.08,93.9266,0.1307,100.5307,1.7843,-0.0654,5.705,INF,108,INF,2.6904,20240306,749835000,AA,AA,平衡型,119.27
113508.SH,新凤转债,128.52,0.0107,75264000,96874846,0.0364110818102786,新凤鸣,19.43,0.028,15.65,124.1534,0.0352,99.916,-5.0181,0.2433,28.662,INF,108,INF,2.8301,20270408,2067063000,AA,AA,偏股型,132.04
113509.SH,新泉转债,224.99,-0.0089,141585000,319286541,1.76873136295439,新泉股份,35,0.0142,15.25,229.5082,-0.0197,97.639,-21.9975,1.3524,127.428,INF,106,INF,2.937,20240604,80048900,AA-,AA,偏股型,223.02
113516.SH,苏农转债,105.1,0.0006,57730000,60648887,0.0448002110801561,苏农银行,4.34,0.0117,5.37,80.8194,0.3004,102.5474,2.8045,-0.2112,2.647,INF,110,INF,3.0986,20240802,1288610000,AA+,AA+,偏债型,135.14
113519.SH,长久转债,103.88,0.0017,2176000,2256420,0.00312248432659235,长久物流,7.66,-0.0065,11.04,69.3841,0.4972,104.2597,4.2813,-0.3339,-0.28,INF,115,INF,3.3644,20241107,696881000,AA,AA,偏债型,153.6
113524.SH,奇精转债,104.9,0.0008,2835000,2969685,0.00859554547604465,奇精机械,11.1,-0.0036,13.98,79.3991,0.3212,94.8854,3.3383,-0.1624,10.11,INF,113,INF,3.4658,20241214,329822000,AA-,AA-,平衡型,137.02
113525.SH,台华转债,107.46,-0.0116,3742000,4018256,0.0079287892175247,台华新材,6.33,-0.0109,7.78,81.3625,0.3208,99.3403,1.8261,-0.1802,8.214,INF,110,INF,3.474,20241217,471951000,AA,AA,平衡型,139.54
113526.SH,联泰转债,267.35,-0.0328,30330000,81960251,0.157096536935556,联泰环保,7.47,-0.0066,6.11,122.2586,1.1868,97.0011,-22.2077,0.2611,170.407,INF,106,INF,3.5753,20250123,193066000,AA-,AA+,偏股型,386.03
113527.SH,维格转债,205.07,-0.0342,384081000,805502498,0.889468001884163,锦泓集团,19.97,-0.0445,9.85,202.7411,0.0115,103.2994,-14.2004,0.9646,101.872,INF,115,INF,3.5781,20250124,431809800,AA,AA,偏股型,206.22
113528.SH,长城转债,115.02,0.0131,56367000,64995495,0.0889371001207034,长城科技,23.48,-0.0204,23.35,100.5567,0.1438,93.129,0.4267,0.081,21.995,INF,112,INF,3.6767,20250301,633785000,AA-,AA-,平衡型,129.4
113530.SH,大丰转债,102.76,0.0054,1802000,1848433,0.00286133936723433,大丰实业,11.27,0.0009,16.49,68.3445,0.5036,103.6721,4.5401,-0.3401,-0.802,INF,116,INF,3.7479,20250327,629775000,AA,AA,偏债型,153.12
113532.SH,海环转债,101.06,0.0015,3479000,3515183,0.00758424639317745,海峡环保,5.67,0.0018,7.63,74.3119,0.3599,96.1465,2.8926,-0.2263,5.016,INF,108,INF,3.7644,20250402,458714000,AA,AA,偏债型,137.05
113534.SH,鼎胜转债,185.33,-0.0007,880351000,1707387319,1.14091321682342,鼎胜新材,27.86,-0.0214,15.18,183.531,0.0098,97.7744,-12.1556,0.8791,87.66,INF,110,INF,3.7836,20250409,771619600,AA,AA,偏股型,186.31
113535.SH,大业转债,100.5,0.001,4363000,4382447,0.00873192198949327,大业股份,8.17,0.0049,12.29,66.4768,0.5118,100.7187,4.0528,-0.3395,-0.14,INF,110,INF,2.8658,20240509,499660900,AA-,AA,偏债型,151.68
113536.SH,三星转债,115.51,-0.008,2063000,2391939,0.0138652722983554,三星新材,14.45,-0.0157,13.76,105.0145,0.0999,97.0936,-0.2722,0.0828,18.523,INF,110,INF,3.926,20250531,148789000,A+,AA,平衡型,125.5
113537.SH,文灿转债,176.83,-0.0011,88624000,155616077,0.618162211779706,文灿股份,33.15,0.0027,19.28,171.9398,0.0284,94.3678,-9.3666,0.8241,82.57,INF,115,INF,3.9534,20250610,143366900,AA-,AA-,偏股型,179.67
113541.SH,荣晟转债,122.66,-0.0011,6359000,7794902,0.0389582064644034,荣晟环保,12.98,0.0008,10.84,119.7417,0.0244,89.1848,-1.6046,0.3439,33.563,INF,110,INF,4.0712,20250723,163226200,AA-,AA-,偏股型,125.1
113542.SH,好客转债,109.45,0.0024,2002000,2190038,0.00332158115226679,好莱客,14.37,0,16.14,89.0335,0.2293,96.77,1.2188,-0.0791,12.764,INF,110,INF,4.0959,20250801,602725000,AA,AA,平衡型,132.38
113543.SH,欧派转债,213.43,-0.0031,27203000,58078020,0.122138864655878,欧派家居,151,-0.0021,70.49,214.2148,-0.0037,96.6007,-14.1191,1.2195,116.914,INF,110,INF,4.137,20250816,222721900,AA,AA,偏股型,213.06
113545.SH,金能转债,175.71,0.0363,230247000,405583942,0.225361147780015,金能科技,18.14,0.0278,10.43,173.9214,0.0103,95.6638,-9.5638,0.8186,80.075,INF,110,INF,4.2986,20251014,1021680100,AA,AA,偏股型,176.74
113546.SH,迪贝转债,105.42,-0.0001,1589000,1677180,0.00691398635477583,迪贝电气,11.17,-0.0133,14,79.7857,0.3213,84.474,3.2352,-0.0548,21.007,INF,115,INF,4.3233,20251023,229824000,A+,A+,平衡型,137.55
113548.SH,石英转债,159.95,-0.0026,10572000,16864592,0.0860933084684479,石英股份,22.94,0.0066,14.93,153.6504,0.041,94.6716,-5.7484,0.6236,65.316,INF,118,INF,4.337,20251028,122797000,AA-,AA-,偏股型,164.05
113549.SH,白电转债,105.33,0.0052,7181000,7559862,0.00816079296405774,白云电器,8.15,-0.0037,8.88,91.7793,0.1476,95.0873,2.0203,-0.0347,10.249,INF,110,INF,4.3863,20251115,879939000,AA,AA,平衡型,120.09
113550.SH,常汽转债,171.27,-0.0093,127458000,218697046,0.554274385346331,常熟汽饰,15.52,-0.0214,9.33,166.3451,0.0296,91.8808,-7.7033,0.8107,79.403,INF,115,INF,4.3945,20251118,229954700,AA-,AA-,偏股型,174.23
113559.SH,永创转债,175.98,0.1076,53045000,97771413,9.56851922001551,永创智能,17.21,0.043,10.32,166.7636,0.0553,89.0247,-8.6397,0.8734,86.962,100.405,112,INF,4.4904,20251223,5543700,AA-,AA-,偏股型,181.51
113561.SH,正裕转债,109.7,0.0016,2062000,2261408,0.0137527178625262,正裕工业,8.78,-0.0079,10.08,87.1032,0.2594,81.2451,1.6681,0.0728,28.508,INF,112,INF,4.5123,20251231,149934000,A+,A+,平衡型,135.64
113563.SH,柳药转债,108.29,0.0004,485000,524169,0.000604741924824968,柳药股份,19.5,0.0062,23.87,81.6925,0.3256,92.7194,0.937,-0.1189,15.577,INF,108,INF,4.5562,20260116,801995000,AA,AA,平衡型,140.85
113565.SH,宏辉转债,108.99,-0.0011,7357000,8018151,0.0326509635518142,宏辉果蔬,7.25,-0.0028,7.64,94.8953,0.1485,87.4723,1.7145,0.0851,21.538,INF,112,INF,4.6685,20260226,225322600,AA-,AA-,平衡型,123.84
113566.SH,翔港转债,109.73,0.0006,2672000,2930819,0.0165533989604565,翔港科技,7.71,0.0013,10.77,71.5877,0.5328,84.0208,2.7088,-0.1475,25.759,INF,118,INF,4.674,20260228,161417000,A+,A+,平衡型,163.01
113567.SH,君禾转债,108.27,-0.0041,1057000,1149242,0.00503446009344949,君禾股份,9.98,-0.006,11.16,89.4265,0.2107,80.4311,2.0449,0.1125,27.887,INF,113,INF,4.6849,20260304,209953000,A+,A+,平衡型,129.34
113568.SH,新春转债,112.91,-0.0036,12658000,14242995,0.0383669931104301,五洲新春,9.16,0.0122,8.75,104.6857,0.0786,92.1991,2.1162,0.1357,20.733,INF,118,INF,4.6904,20260306,329919000,AA-,AA-,平衡型,120.77
113569.SH,科达转债,97.63,0.0025,3536000,3447791,0.00685445335928307,苏州科达,6.94,0,14.8,46.8919,1.082,89.1113,4.6383,-0.4737,8.539,INF,115,INF,4.6986,20260309,515869000,AA-,AA-,偏债型,205.83
113570.SH,百达转债,106.31,-0.0069,2203000,2343976,0.00786903749848191,百达精工,10.19,-0.036,11.54,88.3016,0.2039,77.554,1.6965,0.1393,28.802,INF,110,INF,4.7041,20260311,279958000,A+,A+,平衡型,126.7
113572.SH,三祥转债,117.7,-0.0008,3245000,3826842,0.0192087987545358,三祥新材,15.03,-0.0176,14.09,106.6714,0.1034,76.1036,-0.9149,0.4025,41.642,INF,108,INF,4.7068,20260312,168933000,A+,A+,偏股型,128.04
113573.SH,纵横转债,101.36,0.0016,6003000,6085956,0.0222465164541951,纵横通信,10.7,-0.0083,18.78,56.9755,0.779,83.1416,4.4139,-0.3143,18.266,INF,118,INF,4.8055,20260417,269840000,A+,A+,偏债型,179.26
113574.SH,华体转债,103.03,-0.0015,2236000,2307419,0.0107090174141267,华体科技,17.38,-0.0285,33.91,51.2533,1.0102,77.9311,2.5604,-0.3419,25.144,INF,110,INF,4.7589,20260331,208796000,A+,A+,偏债型,204.05
113575.SH,东时转债,131.65,0.0007,11777000,15516393,0.119659422277766,东方时尚,10.2,0,12.15,83.9506,0.5682,91.9015,-3.1793,-0.0863,39.772,INF,108,INF,4.7836,20260409,98421000,AA,AA,平衡型,188.47
113576.SH,起步转债,94.51,0.0125,47151000,44538662,0.177063962483514,ST起步,5.27,0.0498,10.55,49.9526,0.892,74.1642,5.4796,-0.3261,20.391,INF,115,INF,4.7863,20260410,266293600,A,A,偏债型,183.71
113577.SH,春秋转债,124.39,-0.0205,15324000,19117322,0.0860587517774468,春秋电子,13.2,-0.0142,10.86,121.547,0.0234,86.6229,-1.1673,0.4036,37.795,INF,112,INF,4.7973,20260414,178064400,AA-,AA-,偏股型,126.73
113578.SH,全筑转债,101.5,-0.0063,9720000,9914441,0.0253170491572704,全筑股份,4.43,0.0068,5.4,82.037,0.2372,95.6467,3.2178,-0.1421,5.878,INF,113,INF,4.8137,20260420,383931000,AA,AA,平衡型,125.22
113579.SH,健友转债,120.09,-0.0022,3996000,4808505,0.00794572410282515,健友股份,40.77,-0.02,42.01,97.0483,0.2374,92.3833,-1.1105,0.0508,27.73,INF,109,INF,4.8219,20260423,502912000,AA,AA,平衡型,143.83
113580.SH,康隆转债,252.98,-0.0138,10687000,27275660,0.259866261398176,康隆达,14.42,0.0042,15.51,92.9723,1.721,88.7678,-14.4201,0.0477,164.241,INF,115,INF,4.8219,20260423,41125000,AA-,AA-,平衡型,425.08
113582.SH,火炬转债,265.18,0.0071,33240000,87055647,0.079534850333788,火炬电子,64.91,-0.0012,25.33,256.2574,0.0348,92.7767,-15.8449,1.7631,172.437,INF,110,INF,4.9151,20260527,417930000,AA,AA,偏股型,268.66
113584.SH,家悦转债,99.98,0.0038,8291000,8283072,0.0128550408474311,家家悦,17.16,-0.0127,37.53,45.7234,1.1866,92.6758,2.9075,-0.5062,7.382,INF,110,INF,4.9397,20260605,644961000,AA,AA,偏债型,218.64
113585.SH,寿仙转债,128.46,-0.005,6967000,8954017,0.0471703861783389,寿仙谷,36.31,-0.0141,28.68,126.6039,0.0147,85.416,-1.8515,0.4829,43.087,INF,112,INF,4.9507,20260609,147698600,AA-,AA-,偏股型,129.93
113588.SH,润达转债,107.98,0.0059,1351000,1460868,0.00245657356174073,润达医疗,10.52,-0.0113,13.36,78.7425,0.3713,91.7019,1.0981,-0.1409,16.319,INF,109,INF,4.9726,20260617,549953000,AA,AA,平衡型,145.11
113589.SH,天创转债,95.41,0.0043,4761000,4541259,0.00793948580948236,天创时尚,6.27,0.0064,12.29,51.0171,0.8702,92.4247,3.863,-0.4478,3.026,INF,110,INF,4.9918,20260624,599661000,AA,AA,偏债型,182.43
113591.SH,胜达转债,105.12,-0.0048,11136000,11696954,0.0202579173420215,大胜达,7.93,-0.0025,8.76,90.5251,0.1612,88.7531,3.1213,0.0205,16.412,INF,116,INF,5.011,20260701,549711000,AA-,AA-,平衡型,121.24
113593.SH,沪工转债,107.9,-0.0005,10716000,11570689,0.0267986425622263,上海沪工,16.87,-0.014,21.12,79.8769,0.3508,79.5942,2.4461,0.0041,28.347,INF,115,INF,5.063,20260720,399871000,A+,A+,平衡型,142.98
113594.SH,淳中转债,111.95,-0.0006,3967000,4425701,0.0132276543670933,淳中科技,21.25,-0.0056,27.84,76.329,0.4667,79.4695,1.6515,-0.039,32.521,INF,115,INF,5.0658,20260721,299902000,A+,A+,平衡型,158.62
113595.SH,花王转债,87.47,0.0013,8030000,7031342,0.0243391599807227,ST花王,3.55,-0.0111,6.92,51.3006,0.705,90.636,7.5391,-0.4337,-3.117,INF,119,INF,5.0658,20260721,329921000,AA-,AA-,偏债型,157.97
113596.SH,城地转债,92.75,0.0143,25138000,23173812,0.0209520331131806,城地香江,10.31,-0.0039,24.26,42.4979,1.1825,81.9724,4.142,-0.4813,10.822,INF,108,INF,5.0849,20260728,1199788100,AA-,AA-,偏债型,211
113597.SH,佳力转债,108.52,-0.0042,76450000,82803113,0.25495222605475,佳力图,16.05,-0.0614,23.15,69.3305,0.5653,89.9286,2.7994,-0.2286,18.641,INF,118,INF,5.0904,20260730,299860100,AA-,AA-,偏债型,165.05
113598.SH,法兰转债,109.72,-0.0002,3434000,3771079,0.0124725777629266,法兰泰克,12.4,0.0049,13.88,89.3372,0.2282,87.5117,2.0173,0.0214,22.256,INF,115,INF,5.0931,20260731,275324000,AA-,AA-,平衡型,132.54
113599.SH,嘉友转债,110.52,0.023,21889000,23954327,0.0304067945412518,嘉友国际,16.48,0.0148,18.32,89.9563,0.2286,90.8209,2.6531,-0.009,19.749,INF,120,INF,5.1068,20260805,719872000,AA-,AA-,平衡型,133.38
113600.SH,新星转债,100.41,0.0017,5701000,5718401,0.00958289769613759,深圳新星,17.66,-0.0145,23.85,74.0461,0.356,90.6911,4.6213,-0.1831,9.769,INF,120,INF,5.1288,20260813,594914000,AA-,AA-,平衡型,136.01
113601.SH,塞力转债,101.98,0.0001,4625000,4713920,0.00851322780734961,塞力医疗,13.85,-0.0142,16.98,81.5665,0.2503,87.233,3.5071,-0.0644,14.797,INF,115,INF,5.1507,20260821,543272200,AA-,AA-,平衡型,127.01
113602.SH,景20转债,118.2,-0.0053,5294000,6262063,0.00297424753335214,景旺电子,26.47,-0.0071,27.4,96.6058,0.2235,90.4385,-0.8336,0.0687,27.809,INF,108,INF,5.1589,20260824,1779946000,AA,AA,平衡型,140.55
113603.SH,东缆转债,115.41,0.001,4594000,5297049,0.00574317482304171,东方电缆,20.17,-0.0035,23.65,85.2854,0.3532,91.4201,-0.0522,-0.0666,24.039,INF,110,INF,5.2438,20260924,799906000,AA,AA,平衡型,150.73
113604.SH,多伦转债,107.03,-0.0041,1575000,1687626,0.00246125284802115,多伦科技,8.61,-0.0115,10.4,82.7885,0.2928,83.4245,1.7795,-0.007,23.654,INF,112,INF,5.2959,20261013,639918000,AA-,AA-,平衡型,136.31
113605.SH,大参转债,118.16,0.0143,9196000,10848350,0.00654547897873445,大参林,51.8,0.0129,69.09,74.9747,0.576,91.2025,-0.4844,-0.1775,27.005,INF,110,INF,5.3205,20261022,1404939200,AA,AA,平衡型,175.76
113606.SH,荣泰转债,121.51,-0.0146,23375000,28462207,0.0389591774488447,荣泰健康,38.86,0.0054,32.83,118.3673,0.0266,85.943,-0.0488,0.378,35.614,INF,115,INF,5.3425,20261030,599987000,AA-,AA-,偏股型,124.17
113607.SH,伟20转债,117.13,0.0053,1461000,1702935,0.00121771401323783,伟明环保,22.2,0.0018,22.01,100.8632,0.1613,90.9152,-0.3319,0.11,26.26,INF,110,INF,5.3507,20261102,1199789100,AA,AA,平衡型,133.26
113608.SH,威派转债,111.08,0.0007,6399000,7103183,0.0152358956654246,威派格,17.73,-0.0073,19.08,92.9245,0.1954,77.3737,1.7386,0.2015,33.742,INF,115,INF,5.3699,20261109,419995000,A+,A+,偏股型,130.62
113609.SH,永安转债,114.87,0.0033,46558000,53358188,0.0626809846453263,永安行,18.63,0.0027,16.48,113.0461,0.0161,84.9912,0.9048,0.3308,29.925,INF,115,INF,5.411,20261124,742777100,AA-,AA-,偏股型,116.48
113610.SH,灵康转债,106.46,0.0034,10933000,11602894,0.0208257932773814,灵康药业,8.22,0.0061,8.61,95.4704,0.1151,85.3514,2.4506,0.1192,21.155,INF,115,INF,5.4301,20261201,524974000,AA-,AA-,平衡型,117.97
113611.SH,福20转债,163.24,-0.0047,155612000,256902463,0.108121478593112,福斯特,99.78,-0.0093,61.03,163.4934,-0.0015,87.9357,-6.8037,0.8602,75.348,INF,108,INF,5.4301,20261201,1439233000,AA,AA,偏股型,163.09
113612.SH,永冠转债,126.16,0.0009,10442000,13122460,0.0200815415977538,永冠新材,25.46,-0.0124,20.59,123.6523,0.0203,85.281,-0.748,0.4506,40.92,INF,115,INF,5.4493,20261208,519980000,AA-,AA-,偏股型,128.19
113614.SH,健20转债,125.39,0.0004,1475000,1851410,0.00189105934067287,健友股份,40.77,-0.02,38,107.2895,0.1687,89.6562,-1.7227,0.1972,35.774,INF,109,INF,5.474,20260423,779986100,AA,AA,平衡型,142.26
113615.SH,金诚转债,145.19,0.0026,9847000,14270191,0.009847,金诚信,17.9,-0.0006,12.65,141.502,0.0261,92.0291,-3.8749,0.5383,53.202,INF,112,INF,5.4904,20261223,1000000000,AA,AA,偏股型,147.8
113616.SH,韦尔转债,150.51,0.0265,134826000,200646171,0.0552565573770492,韦尔股份,296.6,0.0264,222.83,133.106,0.1308,92.2743,-4.9076,0.443,58.268,INF,110,INF,5.5041,20261228,2440000000,AA+,AA+,偏股型,163.59
113618.SH,美诺转债,130.05,0.0019,90762000,119853483,0.174542307692308,美诺华,46.59,0.0199,37.47,124.3395,0.0459,80.4819,-2.1832,0.5456,49.602,INF,110,INF,5.5507,20270114,520000000,AA-,AA-,偏股型,134.64
113619.SH,世运转债,102.95,-0.0034,4743000,4889653,0.004743,世运电路,13.94,-0.038,19.92,69.9799,0.4711,89.9835,2.0773,-0.222,13.001,INF,110,INF,5.5671,20270120,1000000000,AA,AA,偏债型,150.06
113620.SH,傲农转债,101.62,0.0003,3544000,3597820,0.003544,傲农生物,9.49,-0.0104,14.51,65.4032,0.5537,93.8983,3.1759,-0.3033,7.749,INF,116,INF,5.7014,20270310,1000000000,AA,AA,偏债型,156.99
113621.SH,彤程转债,143.5,0.0031,217013000,313589800,0.271205228823515,彤程新材,47.74,0.0153,32.62,146.3519,-0.0195,89.8222,-3.9331,0.63,53.712,INF,110,INF,5.5836,20270126,800180000,AA,AA,偏股型,141.55
113622.SH,杭叉转债,118.26,0.0065,1216000,1435209,0.00105739130434783,杭叉集团,18.56,0.0254,23.08,80.4159,0.4706,89.4856,-0.8772,-0.1012,28.792,INF,108,INF,5.7425,20270325,1150000000,AA+,AA+,平衡型,165.32
113623.SH,凤21转债,126.44,0.0042,22908000,29032796,0.0091632,新凤鸣,19.43,0.028,16.47,117.9721,0.0718,90.4093,-1.3393,0.3051,36.05,INF,112,INF,5.7808,20270408,2500000000,AA,AA,偏股型,133.62
113624.SH,正川转债,103.59,0.0064,26931000,27835594,0.0664962962962963,正川股份,38.8,-0.0023,46.69,83.1013,0.2466,74.1021,2.8453,0.1219,29.517,INF,115,INF,5.8356,20270428,405000000,A+,A+,平衡型,128.25
113625.SH,江山转债,0,0,0,0,0,江山欧派,95.49,-0.0059,97.55,97.8883,0,84.0146,0,0.1653,0,INF,118,INF,5.9562,20270611,583000000,AA-,AA-,平衡型,0
113626.SH,伯特转债,0,0,0,0,,伯特利,0,0,0,0,0,0,0,0,0,INF,116,INF,0,0,0,,,-,0
118000.SH,嘉元转债,131.17,-0.0031,3972000,5234758,0.00320322580645161,嘉元科技,85.7,-0.0114,78.74,108.8392,0.2052,83.7933,-1.4407,0.2993,47.404,INF,115,INF,5.6603,20270223,1240000000,AA-,AA-,偏股型,151.69
123002.SZ,国祯转债,108.882,-0.0028,1025000,1115970,0.00406483269346918,节能国祯,7.84,-0.0138,8.48,92.4528,0.1777,99.5479,-0.0317,-0.0712,9.344,INF,106,INF,2.411,20231124,252162900,AA,AA,平衡型,126.652
123004.SZ,铁汉转债,103.811,0.002,15465700,16064091,0.0192556487838986,节能铁汉,3.14,-0.0126,3.82,82.199,0.2629,99.2142,1.9392,-0.1714,4.605,INF,106,INF,2.4767,20231218,803177300,AA,AA,平衡型,130.101
123007.SZ,道氏转债,131.9,0.0336,729241700,963782703,2.39992503131374,道氏技术,19.15,0.0557,14.5,132.069,-0.0013,95.1558,-6.9888,0.3874,36.71,INF,107,100.407,2.5041,20231228,303860200,AA-,AA-,偏股型,131.77
123010.SZ,博世转债,102.135,-0.004,4180100,4243463,0.0097302005630346,博世科,8.75,-0.0169,12.2,71.7213,0.4241,93.8534,3.2622,-0.2352,8.36,INF,108,100.3112,3.0219,20240705,429600600,AA-,AA-,偏债型,144.545
123011.SZ,德尔转债,105.762,-0.0004,8023600,8484972,0.03200570578812,德尔股份,20.22,0,31.38,64.4359,0.6414,96.8938,3.2236,-0.3343,8.963,INF,112,INF,3.0575,20240718,250692800,AA-,AA-,偏债型,169.902
123012.SZ,万顺转债,129.599,-0.0122,303874000,401292669,2.35862742373779,万顺新材,6.12,0.0286,5.27,116.129,0.116,91.8871,-5.2301,0.2651,37.802,INF,106,INF,3.063,20240720,128835100,AA-,AA-,偏股型,141.199
123013.SZ,横河转债,343.2,-0.009,73962400,261496747,1.93404685387647,横河精密,7.73,-0.0039,9.12,84.7588,3.0491,90.2822,-30.2772,-0.0604,252.997,INF,110,INF,3.0795,20240726,38242300,A+,A+,平衡型,648.11
123014.SZ,凯发转债,132,-0.02,34366100,45660363,0.295954598495515,凯发电气,7.06,0.0014,8.05,87.7019,0.5051,92.3495,-9.0881,-0.0498,39.705,INF,106,INF,2.0822,20230727,116119500,A+,A+,平衡型,182.51
123015.SZ,蓝盾转债,225.962,-0.0041,51029000,115982574,0.508990039439272,蓝盾股份,4.11,-0.0284,5.79,70.9845,2.1833,93.172,-20.3163,-0.2374,132.883,INF,108,INF,3.1288,20240813,100255400,AA-,AA-,偏债型,444.292
123018.SZ,溢利转债,224.2,0.0228,62269500,138412991,1.1468482140555,溢多利,9.89,0.0228,8.32,118.8702,0.8861,92.3757,-17.8259,0.2881,131.918,INF,110,INF,3.4822,20241220,54296200,AA-,AA-,偏股型,312.81
123022.SZ,长信转债,152.209,-0.0006,9720200,14901261,0.0378763199937653,长信科技,8.45,-0.0012,6.05,139.6694,0.0898,98.118,-7.5161,0.425,54.193,INF,110,INF,3.7233,20250318,256630000,AA,AA,偏股型,161.189
123023.SZ,迪森转债,101.54,-0.0012,6338100,6446865,0.0119715882314609,迪森股份,5.12,-0.0303,6.89,74.3106,0.3664,90.7923,3.2838,-0.2417,3.546,INF,110,INF,3.7288,20250320,529428500,AA-,AA-,偏债型,138.18
123024.SZ,岱勒转债,111.2,-0.012,26114600,29050457,0.124537893672625,岱勒新材,13.45,-0.0575,14.1,95.3901,0.1657,90.5372,0.4305,0.0545,20.737,INF,110,INF,2.7315,20240321,209692000,A+,A+,平衡型,127.77
123025.SZ,精测转债,135.866,-0.0083,26261600,36569035,0.0848981365250846,精测电子,58.26,0.0159,49.37,118.0069,0.1513,92.315,-4.0784,0.2798,43.659,INF,112,INF,3.7534,20250329,309330700,AA-,AA-,偏股型,150.996
123027.SZ,蓝晓转债,313.999,-0.0593,153729300,487723640,1.43403261359301,蓝晓科技,73.87,-0.0646,29.02,254.5486,0.2336,85.9706,-22.0948,1.9633,228.098,INF,113,INF,3.9562,20250611,107200700,A+,A+,偏股型,337.359
123028.SZ,清水转债,101.71,0.0001,12943800,13133620,0.0284413674479741,清水源,9.1,0.0055,11.84,76.8581,0.3233,87.4317,4.5676,-0.1202,14.349,INF,115,INF,3.9781,20250619,455104700,A+,A+,平衡型,134.04
123029.SZ,英科转债,1262,0.0315,39203100,494654879,2.19732306502329,英科医疗,105,0.0283,8.32,1262.0192,0,116.5714,-42.0442,9.8355,1145.529,INF,128,INF,4.137,20250816,17841300,AA,AA,偏股型,1262
123030.SZ,九洲转债,182.3,-0.0124,53287300,97420161,0.551605523580804,九洲集团,9.45,-0.0258,5.65,167.2566,0.0899,92.4553,-9.7513,0.8103,89.91,INF,115,INF,4.1479,20261221,96604000,AA-,AA-,偏股型,191.29
123031.SZ,晶瑞转债,301,0.0056,248886400,748448889,3.94817127338257,晶瑞股份,29,0,10.13,286.2784,0.0514,82.1064,-20.7248,2.4893,218.955,INF,111,INF,4.1726,20250829,63038400,A+,A+,偏股型,306.14
123033.SZ,金力转债,122.7,0.0016,18792000,23119049,0.0432581747867822,金力永磁,27.2,0.0063,25.3,107.5099,0.1413,92.4583,-0.2323,0.163,30.256,INF,114,INF,4.3479,20251101,434415000,AA-,AA-,平衡型,136.83
123034.SZ,通光转债,175.592,-0.0151,27270000,47960370,0.349564294449273,通光线缆,9.33,-0.0342,7.97,117.064,0.5,82.2637,-8.8656,0.424,93.385,INF,113,100.098,4.3562,20251104,78011400,A+,A+,偏股型,225.592
123035.SZ,利德转债,127.79,0.0118,17696000,22552704,0.0221309686613428,利亚德,8.05,0.0025,6.96,115.6609,0.1049,97.8238,-2.4049,0.1829,30.009,INF,110,INF,4.3836,20251114,799603500,AA+,AA+,平衡型,138.28
123038.SZ,联得转债,118,0.0001,19242000,22775282,0.130567720554407,联得装备,22.89,-0.028,24.07,95.0976,0.2408,81.6979,0.1152,0.1648,36.356,INF,113,INF,4.4959,20251225,147371800,A+,A+,平衡型,142.08
123039.SZ,开润转债,106.61,-0.0055,3839100,4090166,0.0173146213410341,开润股份,21.5,-0.0218,29.9,71.9064,0.4826,83.3636,2.9202,-0.1369,23.301,INF,115,INF,4.4986,20251226,221725900,A+,A+,平衡型,154.87
123042.SZ,银河转债,136.1,-0.0058,60547300,82530158,0.36360093273353,金银河,22.63,-0.0308,24.38,92.822,0.4662,79.0692,-3.6308,0.1747,57.08,INF,110,100.085,4.5507,20260114,166521300,A+,A+,平衡型,182.72
123043.SZ,正元转债,148,-0.0094,115085900,171787159,0.693470276849656,正元智慧,16.61,-0.0172,15.38,107.9974,0.3704,81.8181,-4.3037,0.3208,66.231,INF,115,INF,4.6877,20260305,165956500,A+,A+,偏股型,185.04
123044.SZ,红相转债,105.516,0.0017,11634400,12219665,0.0211686035679352,红相股份,13.07,-0.0439,18.67,70.0054,0.5073,92.678,3.7565,-0.2445,12.86,INF,118,INF,4.7068,20260312,549606400,AA-,AA-,偏债型,156.246
123045.SZ,雷迪转债,115.85,-0.0047,35591000,41449148,0.214282660931751,雷迪克,20.26,-0.0231,20.13,100.6458,0.1511,80.3474,0.5654,0.2534,35.551,INF,113,INF,4.7068,20260312,166093700,A+,A+,偏股型,130.96
123046.SZ,天铁转债,227.879,0.0083,118294000,271134676,1.89817986928692,天铁股份,23.06,0.0136,10.12,227.8656,0.0001,87.0496,-13.2445,1.6183,140.85,INF,112,INF,4.726,20260319,62319700,AA-,AA-,偏股型,227.889
123047.SZ,久吾转债,140.739,-0.0158,138964000,196269074,0.697758260032999,久吾高科,22.17,-0.0251,17.43,127.1945,0.1065,87.6225,-1.7726,0.4525,53.17,INF,121,INF,4.7288,20260320,199157800,A+,A+,偏股型,151.389
123048.SZ,应急转债,117.6,-0.0249,80058200,95230920,0.2109539358576,中船应急,9.67,-0.0435,8.9,108.6517,0.0824,94.1264,-0.8816,0.1547,23.508,INF,108,INF,4.7863,20260410,379505600,AA+,AA+,平衡型,125.84
123049.SZ,维尔转债,108.303,0.0035,4002800,4344150,0.00436512977994961,维尔利,6.67,-0.0074,7.38,90.3794,0.1983,91.5517,2.9795,-0.0125,16.781,INF,118,INF,4.7945,20260413,916994500,AA-,AA-,平衡型,128.133
123050.SZ,聚飞转债,118.62,-0.0098,6342200,7565340,0.00900655517938697,聚飞光电,5.32,0.0076,5.18,102.7027,0.155,91.1018,0.9122,0.1277,27.548,INF,118,INF,4.7973,20260414,704176000,AA-,AA-,平衡型,134.12
123051.SZ,今天转债,112.06,-0.0067,7368100,8264654,0.0263621795158484,今天国际,8.57,-0.0035,8.7,98.5057,0.1376,80.9339,1.8251,0.2178,31.171,INF,116,INF,4.937,20260604,279495100,A+,A+,偏股型,125.82
123052.SZ,飞鹿转债,128.5,0.0117,18813000,23957450,0.123852277866763,飞鹿股份,8.88,0.0091,7.05,125.9574,0.0202,83.9484,-0.2751,0.5023,44.655,INF,120,INF,4.9397,20260605,151898700,A+,A+,偏股型,130.52
123053.SZ,宝通转债,109.25,0.004,6220000,6714322,0.0124416572287429,宝通科技,16.87,-0.0065,20.8,81.1058,0.347,88.0647,2.0956,-0.0783,21.257,INF,115,INF,4.9397,20260605,499933400,AA-,AA-,平衡型,143.95
123054.SZ,思特转债,174.5,-0.0412,4407972600,8168492748,21.1994428859508,思特奇,19.99,-0.1346,12.63,158.274,0.1025,88.2914,-7.2188,0.7935,86.253,INF,115,INF,4.9534,20260610,207928700,AA-,AA-,偏股型,184.75
123056.SZ,雪榕转债,104.96,0.0104,9568800,10003818,0.0163806792620272,雪榕生物,8.32,-0.0189,11.77,70.6882,0.4848,87.643,2.8925,-0.193,17.361,INF,115,100.151,4.9918,20260624,584151600,AA-,AA-,平衡型,153.44
123057.SZ,美联转债,110,-0.0008,9322000,10258739,0.0451116394514401,美联新材,8.4,-0.0118,9.91,84.7629,0.2977,85.8678,1.4787,-0.0124,24.175,INF,112,INF,5.011,20260701,206642900,AA-,AA-,平衡型,139.77
123058.SZ,欣旺转债,144,-0.0133,168025100,241594256,0.446914252094332,欣旺达,30.47,-0.0149,21.17,143.9301,0.0005,93.3441,-4.2213,0.5427,50.702,100.39,111,INF,5.0466,20260714,375967200,AA,AA,偏股型,144.05
123059.SZ,银信转债,106.651,0.0007,3154900,3362453,0.00806203903734925,银信科技,7.87,-0.0101,9.72,80.9671,0.3172,89.8213,3.113,-0.0981,16.878,INF,118,INF,5.0493,20260715,391327800,AA-,AA-,平衡型,138.371
123060.SZ,苏试转债,133.009,0.0231,11546000,15197963,0.0372777733294418,苏试试验,23.01,0.03,18.28,125.8753,0.0567,85.0375,-2.4489,0.481,48.018,INF,112,INF,5.0658,20260721,309728800,AA-,AA-,偏股型,138.679
123061.SZ,航新转债,119.1,-0.0118,215520200,258788191,0.862995575309828,航新科技,16.2,-0.0182,14.86,109.0175,0.0925,81.695,0.9491,0.3351,37.447,INF,118,INF,5.0685,20260722,249735000,A+,A+,偏股型,128.35
123062.SZ,三超转债,116.5,-0.0209,68275000,80344023,0.350512510639871,三超新材,18.37,-0.0382,17.13,107.2388,0.0864,70.9428,0.5475,0.5124,45.596,INF,113,INF,5.0822,20260727,194786200,A,A,偏股型,125.14
123063.SZ,大禹转债,113.844,-0.004,71014700,81084335,0.111847929643,大禹节水,5.26,-0.0187,4.83,108.9027,0.0454,91.3762,2.1412,0.1925,22.518,INF,120,INF,5.0849,20260728,634921900,AA-,AA-,平衡型,118.384
123064.SZ,万孚转债,118.666,0.0077,1973200,2330939,0.00329622325848675,万孚生物,63.82,0.021,71.64,89.0843,0.3321,91.7408,-0.5978,-0.0284,26.973,INF,110,INF,5.1808,20260901,598624500,AA,AA,平衡型,151.876
123065.SZ,宝莱转债,109.003,-0.0266,42306000,46486290,0.193272600436104,宝莱特,19.45,-0.0231,40.54,47.9773,1.272,87.0686,2.1445,-0.4487,21.985,INF,115,INF,5.189,20260904,218892900,AA-,AA-,偏债型,236.203
123066.SZ,赛意转债,151.5,-0.027,247111300,374023426,1.00657523042024,赛意信息,21.11,-0.0465,14.01,150.6781,0.0055,78.2935,-4.2343,0.9255,73.246,INF,115,INF,5.2219,20260916,245497100,A+,A+,偏股型,152.05
123067.SZ,斯莱转债,152.29,0.0345,151898900,228798566,0.391544485343397,斯莱克,13.69,0.0015,9.38,145.9488,0.0434,86.7136,-4.3586,0.6841,65.627,INF,115,INF,5.2247,20260917,387948000,AA-,AA-,偏股型,156.63
123068.SZ,弘信转债,108.9,-0.0081,4586700,4973303,0.0080471781102439,弘信电子,16.52,-0.0137,18.45,89.5393,0.2162,86.226,2.0831,0.039,22.724,INF,115,INF,5.3014,20261015,569976200,AA-,AA-,平衡型,130.52
123069.SZ,金诺转债,115.403,-0.0135,152434500,177148641,0.414497550422521,川金诺,20.41,-0.0368,19.15,106.5796,0.0828,89.5501,1.7022,0.1909,25.905,INF,120,INF,5.3041,20261016,367757300,AA-,AA-,平衡型,123.683
123070.SZ,鹏辉转债,123.52,0.0042,14472400,17944262,0.0162651186010407,鹏辉能源,22.38,0.0018,20.06,111.5653,0.1072,91.1291,-1.3424,0.2249,32.439,INF,110,100.114,5.3151,20261020,889781400,AA,AA,偏股型,134.24
123071.SZ,天能转债,117.4,-0.0151,24656300,29042488,0.0352283736979727,天能重工,8.68,-0.043,7.73,112.2898,0.0455,86.0288,0.5969,0.306,31.421,INF,115,INF,5.3178,20261021,699898900,AA-,AA-,偏股型,121.95
123072.SZ,乐歌转债,128.599,-0.0019,14634800,18820461,0.103080700577992,乐歌股份,25.08,0.0064,56.12,44.69,1.8776,83.2072,0.1503,-0.4626,45.432,INF,120,INF,5.3178,20261021,141974200,A+,A+,偏债型,316.359
123073.SZ,同和转债,116.72,-0.0015,5242000,6122534,0.0146035669254003,同和药业,16.27,0.0006,14.82,109.7841,0.0632,78.1836,0.9153,0.4049,38.574,INF,116,INF,5.3315,20261026,358953400,A+,A+,偏股型,123.04
123074.SZ,隆利转债,112.443,-0.0197,67482600,76506389,0.208002485577088,隆利科技,17.45,-0.0743,18.33,95.1991,0.1811,87.9345,1.8852,0.0839,24.614,INF,118,INF,5.3397,20261029,324431700,AA-,AA-,平衡型,130.553
123075.SZ,贝斯转债,110.579,-0.0044,4992400,5529330,0.00832099950664693,贝斯特,19.77,-0.0174,23.74,83.2772,0.3278,81.8157,0.8332,0.0184,28.807,INF,110,INF,5.3507,20261102,599976000,AA-,AA-,平衡型,143.359
123076.SZ,强力转债,101.349,0.0046,12290100,12471686,0.0144601507255489,强力新材,13.06,-0.0076,18.94,68.9546,0.4698,83.667,2.9975,-0.1754,17.728,INF,113,INF,5.3973,20261119,849928900,AA-,AA-,平衡型,148.329
123077.SZ,汉得转债,103.18,0.0026,7864700,8089021,0.00839324084088007,汉得信息,7.38,-0.0107,9.69,76.161,0.3548,98.8774,3.7572,-0.2294,4.352,INF,120,INF,5.4082,20261123,937027800,AA,AA,偏债型,138.66
123078.SZ,飞凯转债,126.647,0.0172,715912500,928072739,0.872973320333058,飞凯材料,19.66,0.0413,15.56,126.3496,0.0024,90.7323,-1.7631,0.3932,35.96,INF,110,100.078,5.4192,20261127,820085200,AA,AA,偏股型,126.887
123079.SZ,运达转债,130.6,0.0227,46682600,61295345,0.0809430343971398,运达股份,19.02,0.0253,15.12,125.7937,0.0382,90.5927,-2.3379,0.3893,40.053,INF,110,INF,5.4301,20261201,576734000,AA,AA,偏股型,134.42
123080.SZ,海波转债,109.55,0.0052,10165100,11173746,0.0415404086326372,海波重科,11.58,0.0176,11.58,100,0.0955,80.0315,2.7441,0.2501,29.555,INF,120,INF,5.4329,20261202,244703900,A+,A+,偏股型,119.1
123081.SZ,精研转债,104.1,-0.0038,6623500,6897612,0.0116213008698386,精研科技,38.59,-0.0041,53.4,72.2659,0.4405,85.4707,2.9131,-0.154,18.676,INF,115,INF,5.4356,20261203,569944800,AA-,AA-,平衡型,148.15
123082.SZ,北陆转债,110.997,0.0009,22425300,24861249,0.044866060844567,北陆药业,9.11,0.0089,8.8,103.5227,0.0722,76.8727,1.7435,0.3473,34.158,INF,115,INF,5.4466,20261207,499827700,A+,A+,偏股型,118.217
123083.SZ,朗新转债,126,0.0056,9642900,12052470,0.0120545215550407,朗新科技,17.08,-0.0018,15.45,110.5502,0.1398,90.4308,-1.6734,0.223,35.61,INF,110,INF,5.4521,20261209,799940500,AA,AA,偏股型,139.98
123084.SZ,高澜转债,108.71,-0.0017,5237100,5690066,0.0187042625761174,高澜股份,8.46,-0.0265,9,94,0.1565,76.9686,2.1718,0.2218,31.775,INF,115,INF,5.4548,20261210,279995000,A+,A+,偏股型,124.36
123085.SZ,万顺转2,112.5,0.0211,91128400,102792735,0.101292584092217,万顺新材,6.12,0.0286,6.2,98.7097,0.1397,79.6424,0.1324,0.24,32.897,INF,108,INF,5.4575,20240720,899655200,AA-,AA-,偏股型,126.47
123086.SZ,海兰转债,111.3,-0.0071,13531200,15073802,0.0185566128092632,海兰信,11.43,-0.0197,10.88,105.0551,0.0594,86.7625,1.9596,0.2114,24.58,INF,118,INF,5.4575,20261211,729184800,AA-,AA-,偏股型,117.24
123087.SZ,明电转债,110.824,-0.0095,27587800,30660653,0.0409936865579913,明阳电路,16.85,-0.0415,16.32,103.2475,0.0734,85.1681,1.6843,0.2129,25.698,INF,115,INF,5.4685,20261215,672976800,AA-,AA-,偏股型,118.164
123088.SZ,威唐转债,101.6,-0.0039,6597500,6732111,0.0219003858584088,威唐工业,16.15,-0.0265,20.72,77.944,0.3035,76.6592,3.4188,0.0172,24.974,INF,115,INF,5.4685,20261215,301250400,A+,A+,平衡型,131.95
123089.SZ,九洲转2,118.851,-0.0153,32860300,39096255,0.0657206,九洲集团,9.45,-0.0258,8,118.125,0.0061,84.8921,0.3334,0.3922,34,INF,115,INF,5.4849,20261221,500000000,AA-,AA-,偏股型,119.461
123090.SZ,三诺转债,120.3,0.0025,13374400,16305362,0.0267488,三诺生物,31.61,0.0118,35.15,89.9289,0.3377,91.8582,-0.4985,-0.0206,28.483,INF,112,INF,5.4849,20261221,500000000,AA,AA,平衡型,154.07
123091.SZ,长海转债,120.79,0.0074,11576000,13999940,0.0210472727272727,长海股份,16.29,0.0105,16.14,100.9294,0.1968,91.1504,-0.7154,0.1078,29.68,INF,111,INF,5.4904,20261223,550000000,AA,AA,平衡型,140.47
123092.SZ,天壕转债,109.9,-0.0059,3009500,3315202,0.00711465721040189,天壕环境,5.16,-0.0134,5.2,99.2308,0.1075,76.4964,1.9008,0.2978,33.437,INF,115,INF,5.4932,20261224,423000000,A+,A+,偏股型,120.65
123093.SZ,金陵转债,120.495,-0.0133,14740000,17873547,0.05896,金陵体育,42.19,-0.0009,49.19,85.7695,0.4049,81.0249,1.311,0.059,39.504,INF,120,INF,5.5644,20270119,250000000,A+,A+,平衡型,160.985
123094.SZ,星源转2,166.881,0.027,179849300,301901414,0.1798493,星源材质,53.88,0.0261,31.53,170.8849,-0.0234,91.6354,-6.2334,0.8655,75.28,INF,112,INF,5.5671,20270120,1000000000,AA-,AA,偏股型,164.541
123096.SZ,思创转债,106.357,-0.0039,1306800,1394856,0.00159951040391677,思创医惠,7.07,-0.0181,8.27,85.4897,0.2441,86.3527,2.8399,-0.0096,20.04,INF,118,INF,5.5836,20270126,817000000,AA-,AA-,平衡型,130.767
123097.SZ,美力转债,113.566,-0.022,9358000,10720112,0.0311933333333333,美力科技,10.02,-0.052,9.34,107.2805,0.0586,75.8264,1.2581,0.4154,37.771,INF,115,INF,5.5863,20270127,300000000,A+,A+,偏股型,119.426
123098.SZ,一品转债,126.1,0.0064,12114200,15322893,0.0252379166666667,一品红,27.19,0.0115,25.45,106.8369,0.1803,86.3215,-0.3054,0.2382,39.814,INF,118,INF,5.589,20270128,480000000,AA-,AA-,偏股型,144.13
123099.SZ,普利转债,128.105,0.0126,19518400,25298027,0.0229628235294118,普利制药,52.87,0.048,46.22,114.3877,0.1199,85.765,-0.6601,0.3343,42.376,INF,118,INF,5.6219,20270209,850000000,AA-,AA-,偏股型,140.095
123100.SZ,朗科转债,124.91,0.0033,13696600,17145774,0.0360436842105263,朗科智能,14,0.0145,11.61,120.5857,0.0359,81.6309,-1.1011,0.4778,43.313,INF,112,INF,5.6219,20270209,380000000,AA-,AA-,偏股型,128.5
123101.SZ,拓斯转债,108.302,-0.0092,6963500,7532055,0.0103932835820896,拓斯达,33.93,0.0006,42.25,80.3077,0.3486,89.2696,1.0916,-0.1001,19.058,INF,110,INF,5.7014,20270310,670000000,AA,AA,平衡型,143.162
123102.SZ,华自转债,153,-0.011,3951621400,6413509944,5.8979423880597,华自科技,17.12,0.0264,9.26,184.8812,-0.1724,87.7332,-3.2893,1.108,65.296,INF,119,INF,5.7068,20270312,670000000,AA-,AA-,偏股型,135.76
123103.SZ,震安转债,154.998,0.0039,119024800,186467308,0.417630877192982,震安科技,77.55,0.0188,56.89,136.3157,0.1371,74.8521,-4.2702,0.8219,80.176,INF,115,INF,5.7068,20270312,285000000,A+,A+,偏股型,168.708
123104.SZ,卫宁转债,121.362,0.0198,14240500,17251844,0.0146769181615332,卫宁健康,15.9,0.0392,17.76,89.527,0.3556,96.9119,0.5401,-0.0759,24.478,INF,120,INF,5.7178,20270316,970265000,AA,AA,平衡型,156.922
123105.SZ,拓尔转债,108.669,-0.0012,6370800,6960885,0.0079635,拓尔思,8.7,-0.0068,9.93,87.6133,0.2403,83.5091,1.9458,0.0495,25.188,INF,115,INF,5.726,20270319,800000000,AA-,AA-,平衡型,132.699
123106.SZ,正丹转债,111.009,0.001,32697400,36329458,0.102179375,正丹股份,7.86,0.0116,7.5,104.8,0.0592,86.4036,2.198,0.2141,24.689,INF,120,INF,5.7397,20270324,320000000,AA-,AA-,偏股型,116.929
123107.SZ,温氏转债,106.62,0.0015,49959200,53385131,0.00537369043777563,温氏股份,14.22,0.0194,17.82,79.798,0.3361,91.2491,1.0317,-0.125,15.417,INF,108,INF,5.7534,20270329,9297000000,AAA,AAA,平衡型,140.23
123108.SZ,乐普转2,128.199,0.0063,16749800,21493641,0.0102257631257631,乐普医疗,31.96,0.0323,29.5,108.339,0.1833,92.6863,-2.995,0.1693,35.546,INF,107.8,INF,4.7562,20260330,1638000000,AA+,AA+,平衡型,146.529
123109.SZ,昌红转债,117,-0.0002,5774600,6776629,0.0125534782608696,昌红科技,27.22,-0.0109,28.06,97.0064,0.2061,83.1727,0.5957,0.1666,33.848,INF,115,INF,5.7616,20270401,460000000,AA-,AA-,平衡型,137.61
123110.SZ,九典转债,139.167,0.0203,60853800,83771672,0.225384444444444,九典制药,36.4,0.0069,26.44,137.6702,0.0109,74.3968,-2.3861,0.8512,64.799,INF,115,INF,5.7616,20270401,270000000,A+,A+,偏股型,140.257
123111.SZ,东财转3,148.22,0.0297,1403358700,2081362173,0.088820170886076,东方财富,32.7,0.0721,23.35,140.0428,0.0584,87.6813,-4.9996,0.5975,60.555,INF,107,INF,5.7781,20270407,15800000000,AA+,AA+,偏股型,154.06
123112.SZ,万讯转债,112.191,-0.0028,2800400,3142933,0.0113966560475856,万讯自控,8.73,-0.0158,8.93,97.7604,0.1476,85.4359,1.838,0.1445,26.776,INF,118,INF,5.7808,20270408,245721200,AA-,AA-,平衡型,126.951
123113.SZ,仙乐转债,120,0.0152,118225600,150203765,0.115354101877377,仙乐健康,58.95,0.131,56.92,103.5664,0.1587,81.178,-0.22,0.2761,38.842,INF,113,INF,5.811,20270419,1024892900,AA-,AA-,偏股型,135.87
123114.SZ,三角转债,139.7,0.0014,19569900,27281611,0.0216391980872488,三角防务,37.47,-0.005,31.82,117.7561,0.1864,82.304,-2.4423,0.431,57.412,INF,115,INF,5.9096,20270525,904372700,AA-,AA-,偏股型,158.34
123115.SZ,捷捷转债,0,0,0,0,0,捷捷微电,36.99,0.0517,29,127.5517,0,80.3373,0,0.733,0,INF,113,INF,5.9479,0,1195000000,AA-,AA-,偏股型,0
123116.SZ,万兴转债,0,0,0,0,0,万兴科技,58.51,-0.0486,49.78,117.5372,0,73.0815,0,0.6088,0,INF,115,INF,5.9507,20270609,378750000,A+,A+,偏股型,0
123117.SZ,健帆转债,0,0,0,0,0,健帆生物,86.5,0.0412,90.6,95.4746,0,87.8976,0,0.0863,0,INF,110,INF,5.989,20270623,1000000000,AA,AA,平衡型,0
127003.SZ,海印转债,105.678,0.0017,3557000,3756054,0.00320177924231699,海印股份,2.07,-0.0048,3,69,0.5316,106.5812,4.2896,-0.3526,-0.896,INF,110,INF,0.9479,20220608,1110944800,AA,AA,偏债型,158.838
127004.SZ,模塑转债,166.14,-0.0062,18057700,30082421,0.137438179191675,模塑科技,5.73,-0.0069,7.46,76.8097,1.163,100.0493,-18.621,-0.232,66.123,INF,110,INF,1.9315,20230602,131387800,AA-,AA-,偏债型,282.44
127005.SZ,长证转债,118.2,0.01,37232600,44099922,0.00745169281611909,长江证券,7.38,0.0151,7.28,101.3736,0.166,99.0515,-3.2241,0.0241,19.211,INF,105,INF,2.7068,20240312,4996529100,AAA,AAA,平衡型,134.8
127006.SZ,敖东转债,102.29,0.0021,8910100,9101005,0.00370132895326886,吉林敖东,15.38,0.0098,20.42,75.3183,0.3581,97.8328,1.8322,-0.2296,4.526,INF,105,100.118,2.7096,20240313,2407270500,AA+,AA+,偏债型,138.1
127007.SZ,湖广转债,102.215,0.0075,13262400,13540077,0.0108846699685731,湖北广电,4.07,0.015,5.58,72.9391,0.4014,101.172,3.2564,-0.2783,1.143,INF,108,INF,3.0027,20240628,1218447600,AA+,AA+,偏债型,142.355
127011.SZ,中鼎转2,121.9,0.0091,3585000,4368603,0.00298807196677564,中鼎股份,11.76,-0.0068,11.39,103.2485,0.1806,100.2181,-1.7092,0.031,21.754,INF,110,100.358,3.6959,20250308,1199770300,AA+,AA+,平衡型,139.96
127012.SZ,招路转债,108.115,0.0034,6950300,7508738,0.00139010484478229,招商公路,7.57,0.0093,8.63,87.7173,0.2325,94.8231,-0.0539,-0.0735,13.444,INF,105,INF,3.7342,20250322,4999838700,AAA,AAA,平衡型,131.365
127013.SZ,创维转债,107.3,0.0123,5051300,5385809,0.00516529707334941,创维数字,8.89,-0.0078,11.29,78.7422,0.3627,100.2629,2.4129,-0.2138,7.145,INF,113,INF,3.8,20250415,977930200,AA,AA,偏债型,143.57
127014.SZ,北方转债,112.951,0.0505,316769500,359145197,0.592338759140248,北方国际,8.42,0.1007,8.65,97.341,0.1604,98.1426,0.446,-0.0075,14.873,INF,110,100.433,4.326,20251024,534777600,AA+,AA+,平衡型,128.991
127015.SZ,希望转债,107.6,0.0054,14839900,15932477,0.0156206925044907,新希望,14.11,0.005,19.75,71.443,0.5061,93.5816,0.4966,-0.2358,14.111,INF,106,INF,4.5205,20260103,950015500,AAA,AAA,偏债型,158.21
127016.SZ,鲁泰转债,100.16,0.0016,5360600,5367895,0.00382932385138857,鲁泰A,6.03,0.005,8.71,69.2308,0.4468,96.7279,3.1559,-0.284,3.467,INF,111,INF,4.7836,20260409,1399881600,AA+,AA+,偏债型,144.84
127017.SZ,万青转债,113.1,0.0143,3357700,3787380,0.00335889711093034,万年青,11.75,0.0164,13.46,87.2957,0.2956,97.8468,0.8777,-0.1075,15.294,INF,113,INF,4.9342,20260603,999643600,AA+,AA+,平衡型,142.66
127018.SZ,本钢转债,100.05,0.0055,134476500,134463927,0.0199186823217641,本钢板材,4.56,0.0459,5.03,90.6561,0.1036,107.7153,5.3216,-0.1569,-7.483,INF,119,INF,5.0055,20260629,6751274900,AA+,AAA,平衡型,110.41
127019.SZ,国城转债,92.31,0.0039,5728300,5277912,0.00674031042869565,国城矿业,8.93,0.0056,21.07,42.3825,1.178,92.3384,4.5581,-0.5408,0.017,INF,110,INF,5.0493,20260715,849857000,AA,AA,偏债型,210.11
127020.SZ,中金转债,111.6,0.0051,29211000,32684496,0.00768961045730162,中金岭南,4.56,0.0156,4.63,98.4881,0.1331,93.6015,0.3736,0.0527,18.041,INF,110,INF,5.063,20260720,3798762000,AA+,AA+,平衡型,124.91
127021.SZ,特发转2,106.383,0.0017,6363600,6784301,0.0115722900790289,特发信息,8.13,-0.0205,12.33,65.9367,0.6134,95.1933,1.5629,-0.3067,11.274,INF,110,INF,4.1123,20250807,549899800,AA,AA,偏债型,167.723
127022.SZ,恒逸转债,125.6,0.0325,64536000,80782531,0.0322696070264299,恒逸石化,12.44,0.0419,11.5,108.1739,0.1611,88.6526,-2.688,0.2207,36.986,INF,105,INF,5.3041,20261016,1999900400,AA+,AA+,偏股型,141.71
127023.SZ,华菱转2,131.2,0.0402,286177700,376846360,0.164384358741044,华菱钢铁,6.53,0.0398,4.97,131.3883,-0.0014,90.6882,-3.2836,0.4512,40.662,100.15,106,INF,5.3233,20261023,1740905900,AAA,AAA,偏股型,131.06
127024.SZ,盈峰转债,112.9,-0.0003,5719200,6437619,0.00387442269293107,盈峰环境,6.93,-0.0029,8.31,83.3935,0.3538,93.2099,0.317,-0.105,19.727,INF,110,INF,5.3562,20261104,1476142500,AA+,AA+,平衡型,148.28
127025.SZ,冀东转债,108.211,0.0063,2760200,2978764,0.00155372154643985,冀东水泥,12.38,-0.0008,15.28,81.0209,0.3356,90.4956,0.3281,-0.1034,17.848,INF,106,INF,5.3589,20261105,1776508800,AAA,AAA,平衡型,141.771
127026.SZ,超声转债,107.16,0.004,8294900,8880060,0.0118511912483862,超声电子,11.08,-0.0027,12.72,87.1069,0.2302,88.8787,1.0128,-0.0195,18.321,INF,108,INF,5.4493,20261208,699921200,AA,AA,平衡型,130.18
127027.SZ,靖远转债,103.73,0.0196,120955900,125101081,0.0432054732788522,靖远煤电,3.13,0.0195,3.23,96.904,0.0704,93.2111,1.9957,0.04,10.552,INF,110,INF,5.4548,20261210,2799550400,AA+,AA+,平衡型,110.77
127028.SZ,英特转债,108.648,0.0031,9926100,10758913,0.0165435,英特集团,13.3,0.0076,13.4,99.2537,0.0946,91.1504,0.7422,0.0893,17.53,INF,108,INF,5.526,20270105,600000000,AA+,AA+,平衡型,118.108
127029.SZ,中钢转债,154.28,0.0172,362180100,558572829,0.3772709375,中钢国际,10.04,0.0162,5.89,170.4584,-0.0949,93.6165,-4.6993,0.8213,60.686,INF,113,INF,5.726,20270319,960000000,AA+,AA+,偏股型,144.79
127030.SZ,盛虹转债,150,0.0033,463786200,696197209,0.09275724,东方盛虹,19.62,0.0192,14.1,139.1489,0.078,89.6184,-4.9531,0.5531,60.403,INF,108,INF,5.7342,20270322,5000000000,AA+,AA+,偏股型,157.8
127031.SZ,洋丰转债,116.317,0.001,4593000,5347180,0.004593,新洋丰,15.28,-0.0084,19.94,76.6299,0.5179,90.5671,0.1188,-0.1537,25.769,INF,112,INF,5.7425,20270325,1000000000,AA,AA,平衡型,168.107
127032.SZ,苏行转债,115.61,0.0053,23138700,26656108,0.00462774,苏州银行,7.7,0.0039,8.1,95.0617,0.2162,92.7964,-0.0775,0.0249,22.861,INF,110,INF,5.7918,20270412,5000000000,AAA,AAA,平衡型,137.23
127033.SZ,中装转2,105.317,0.0181,102334300,107474148,0.088219224137931,中装建设,5.93,0.0172,6.28,94.4268,0.1153,90.3195,1.875,0.0457,15.016,INF,112,INF,5.8027,20270416,1160000000,AA,AA,平衡型,116.847
127034.SZ,绿茵转债,102.662,0.0074,15082400,15446328,0.0211831460674157,绿茵生态,10.68,0.0104,12.38,86.2682,0.19,81.3804,2.6089,0.061,21.354,INF,113,INF,5.8411,20270430,712000000,AA-,AA-,平衡型,121.662
127035.SZ,濮耐转债,107.113,0.0041,28082500,30046182,0.0448322715086744,濮耐股份,4.27,0.0023,4.43,96.3883,0.1113,92.653,1.4293,0.0407,14.494,INF,108.8,INF,4.9123,20260526,626390300,AA,AA,平衡型,118.243
127036.SZ,三花转债,0,0,0,0,0,三花智控,23.5,0.0266,21.55,109.0487,0,90.2923,0,0.2079,0,INF,110,INF,5.9288,20270601,3000000000,AA+,AA+,偏股型,0
127037.SZ,银轮转债,0,0,0,0,0,银轮股份,10.71,-0.0028,10.77,99.4429,0,88.0736,0,0.1292,0,INF,110,INF,5.9452,20270607,700000000,AA,AA,平衡型,0
127038.SZ,国微转债,0,0,0,0,0,紫光国微,146.92,-0.0053,137.78,106.6338,0,90.1229,0,0.1834,0,INF,110,INF,5.9534,20270610,1500000000,AA+,AA+,平衡型,0
127039.SZ,北港转债,0,0,0,0,,北部湾港,0,0,0,0,0,0,0,0,0,INF,108,INF,0,0,0,,,-,0
128013.SZ,洪涛转债,110.161,0.0148,94909600,104460828,0.0820270967989506,洪涛股份,2.56,0.0323,2.32,110.3448,-0.0017,103.5102,-0.3044,0.0663,6.679,INF,108,INF,1.0877,20220729,1157051800,AA-,AA-,平衡型,109.991
128014.SZ,永东转债,105.011,0.0018,3668000,3852348,0.010883804702765,永东股份,9.1,0.0282,12.52,72.6837,0.4448,99.0683,2.5164,-0.266,5.992,INF,108,INF,1.8055,20230417,337014500,AA-,AA-,偏债型,149.491
128015.SZ,久其转债,101.661,0.0009,19429000,19750965,0.0249237688525368,久其软件,5.2,0.0117,6.97,74.6055,0.3626,94.0974,3.9043,-0.2067,7.615,INF,108,100.808,1.9479,20230608,779537000,A+,A+,偏债型,137.921
128017.SZ,金禾转债,160.689,-0.0202,48744000,78128544,0.0883030360780872,金禾实业,33.33,-0.0027,21.97,151.7069,0.0592,99.782,-15.4698,0.5205,60.916,INF,106,100.2,2.3479,20231101,552008200,AA,AA,偏股型,166.609
128018.SZ,时达转债,113,-0.0039,5866600,6648771,0.0144690053119939,新时达,7.33,0,7.42,98.7871,0.1439,100.2153,-1.4225,-0.0142,12.794,INF,106,100.432,2.3616,20231106,405459800,AA,AA,平衡型,127.39
128021.SZ,兄弟转债,106.688,-0.0027,2552000,2719558,0.0096185049179883,兄弟科技,4.26,0,5.19,82.0809,0.2998,99.5073,0.8238,-0.175,7.19,INF,106,INF,2.4219,20231128,265321900,AA,AA,平衡型,136.668
128022.SZ,众信转债,0,0,0,0,0,众信旅游,5.8,0,7.92,73.2323,0,85.7724,0,-0.1456,0,INF,106,100.252,2.4301,20231201,455997400,A,A,平衡型,0
128023.SZ,亚太转债,107.66,-0.0045,21920700,23685706,0.0219456192506591,亚太股份,8.37,-0.0279,10.34,80.9478,0.33,101.7545,1.395,-0.2044,5.915,INF,108,INF,2.4384,20231204,998864500,AA,AA,偏债型,140.66
128025.SZ,特一转债,116.45,-0.0004,80684000,94370089,0.270701443658274,特一药业,14,0.0167,14.05,99.6441,0.1687,94.2225,-2.7774,0.0578,22.252,INF,106,INF,2.4438,20231206,298055300,AA-,AA-,平衡型,133.32
128026.SZ,众兴转债,132,-0.0724,1134881700,1525853016,1.23784192539714,众兴菌业,14.11,0.0998,11.36,124.2077,0.0627,94.5277,-7.4802,0.3135,37.439,INF,106,INF,2.463,20231213,916822800,AA-,AA-,偏股型,138.27
128029.SZ,太阳转债,175.99,-0.0001,16367000,28671482,0.0180096374172637,太阳纸业,13.83,0.0073,8.55,161.7544,0.088,102.0411,-28.4689,0.5864,74.026,INF,106,INF,1.4877,20221222,908791200,AA+,AA+,偏股型,184.79
128030.SZ,天康转债,174.18,0,2882500,5018541,0.0318396057080432,天康生物,8.68,0.0058,7.39,117.456,0.4829,101.4754,-16.6715,0.1576,72.713,INF,108,100.005,2.4877,20231222,90531900,AA,AA,平衡型,222.47
128032.SZ,双环转债,140.7,0.0659,422873400,591889294,0.620825916304349,双环传动,14,0.0712,9.87,141.844,-0.0081,99.6245,-9.7532,0.4239,41.084,INF,106,INF,2.4959,20231225,681146500,AA,AA,偏股型,139.89
128033.SZ,迪龙转债,137.679,-0.0003,194287200,266944932,0.652026482811946,雪迪龙,9.48,0.0053,8.71,108.8404,0.265,99.1221,-9.0842,0.0981,38.565,INF,106,INF,2.5014,20231227,297974400,AA,AA,平衡型,164.179
128034.SZ,江银转债,105.816,0.0059,26941100,28488472,0.0153236348657727,江阴银行,3.98,0.0051,4.32,92.1296,0.1486,99.1676,0.9111,-0.0704,6.704,INF,106,INF,2.5836,20240126,1758140300,AA+,AA+,平衡型,120.676
128035.SZ,大族转债,111.299,0.0017,25985400,28956404,0.0112998192709026,大族激光,38.74,0.0107,51.9,74.6435,0.4911,98.2395,-1.3676,-0.2398,13.116,INF,105,103,2.6137,20240206,2299629700,AA+,AA+,偏债型,160.409
128036.SZ,金农转债,118.66,0.0005,11940500,14172714,0.0818281311141523,金新农,5.66,0.0035,6.93,81.6739,0.4529,93.1068,-3.0403,-0.1228,25.555,INF,106,INF,2.6986,20240309,145921700,AA-,AA-,平衡型,163.95
128037.SZ,岩土转债,104.149,-0.0008,12647700,13172409,0.0209802320321399,中化岩土,3.1,0.0032,7.99,38.7985,1.6844,100.4359,2.5121,-0.6136,3.749,INF,108,INF,2.7151,20240315,602838900,AA,AA,偏债型,272.589
128039.SZ,三力转债,106.278,0.0008,2037700,2165578,0.0100606343675062,三力士,4.83,0.0084,5.79,83.4197,0.274,91.1433,0.8077,-0.084,15.211,INF,106,INF,2.9479,20240608,202541900,AA-,AA-,平衡型,133.678
128040.SZ,华通转债,108.03,-0.0016,10260000,11101761,0.0461660158728302,浙农股份,9.49,-0.0021,10.15,93.4975,0.1554,99.2262,1.0242,0.0043,14.928,INF,108,INF,2.9644,20240614,222241400,AA,AA,平衡型,123.57
128041.SZ,盛路转债,275.5,-0.0046,27075000,75073892,0.511058301228994,盛路通信,6.56,-0.0209,6.82,96.1877,1.8642,101.5347,-25.3521,-0.0517,174.067,INF,110,100.455,3.0548,20240717,52978300,AA-,AA,平衡型,461.92
128042.SZ,凯中转债,106.804,-0.006,2485400,2660197,0.00598017883752003,凯中精密,10.64,0,12.86,82.7372,0.2909,103.1611,2.8541,-0.1972,3.748,INF,112,INF,3.0904,20240730,415606300,AA,AA,平衡型,135.894
128044.SZ,岭南转债,98.8,0.0045,10288600,10139557,0.0156087007970775,岭南股份,3.07,0.0132,5.91,51.9459,0.902,98.5795,3.9647,-0.4725,0.321,INF,107,INF,3.1315,20240814,659158000,AA,AA,偏债型,189
128046.SZ,利尔转债,142.96,0.0637,296114800,424405715,0.349709699949666,利尔化学,25.74,0.1,18.42,139.7394,0.023,98.5169,-7.1626,0.4199,44.542,INF,108,100.471,3.3068,20241017,846744600,AA,AA,偏股型,145.26
128048.SZ,张行转债,110.5,0.0072,26683700,29413120,0.0106841444856598,张家港行,5.55,0.0128,5.76,96.3542,0.1468,100.4388,0.7579,-0.0401,10.116,INF,109,INF,3.3781,20241112,2497504600,AA+,AA+,平衡型,125.18
128049.SZ,华源转债,102.216,-0.0048,3478000,3568656,0.00957702219594675,华源控股,5.74,-0.012,7.37,77.8833,0.3124,93.0106,3.4433,-0.1618,9.3,INF,110,INF,3.4192,20241127,363160900,AA-,AA-,平衡型,133.456
128050.SZ,钧达转债,132.291,0.0075,23927200,31537199,0.169492341846486,钧达股份,19.58,0.0093,14.8,132.2973,0,99.3461,-2.1945,0.333,33.045,INF,118,INF,3.4548,20241210,141169800,AA-,AA-,偏股型,132.291
128051.SZ,光华转债,122.28,-0.0047,19151000,23607386,0.0859375,光华科技,15.52,-0.0127,12.72,122.0126,0.0022,92.9188,-1.8406,0.3144,29.454,INF,110,INF,3.4658,20241214,222848000,AA-,AA-,偏股型,122.5
128053.SZ,尚荣转债,132.3,-0.0214,106176100,141480190,0.557100139516263,尚荣医疗,5.61,-0.0071,4.89,114.7239,0.1532,98.5758,-4.0075,0.165,33.822,INF,110,INF,3.6356,20250214,190587100,AA,AA,平衡型,147.62
128056.SZ,今飞转债,109.735,0,1603000,1759266,0.00930421533773489,今飞凯达,5.08,0,6.7,75.8209,0.4473,89.2146,2.5631,-0.1494,20.598,INF,115,INF,3.674,20250228,172287500,A+,A+,平衡型,154.465
128057.SZ,博彦转债,123.88,0.0333,167020800,208821731,0.330280628427965,博彦科技,10.59,0.0475,8.5,124.5882,-0.0057,92.6115,-1.7256,0.3468,31.372,INF,112,100.443,3.6877,20250305,505693600,AA-,AA-,偏股型,123.31
128062.SZ,亚药转债,80.8,0.0094,42842000,34613607,0.0444822195715952,亚太药业,4.75,0.0326,16.25,29.2308,1.7642,53.7896,11.1166,-0.456,27.071,INF,115,INF,3.7644,20250402,963126400,BB,BB,偏债型,257.22
128063.SZ,未来转债,106.59,-0.0037,1773000,1893076,0.00281496756198406,德尔未来,6.37,-0.0185,8.6,74.0698,0.439,101.1889,5.0081,-0.2672,5.518,INF,120,INF,3.7671,20250403,629847400,AA-,AA-,偏债型,150.49
128064.SZ,司尔转债,119.529,0.0046,16432600,19769131,0.0207550563341786,司尔特,6.76,0.0181,5.82,116.1512,0.0291,97.7856,-1.1956,0.1891,21.848,INF,110,INF,3.7808,20250408,791739600,AA,AA,平衡型,122.439
128066.SZ,亚泰转债,104.005,0.0041,6999100,7279442,0.0145883695734187,郑中设计,8.25,0.0123,9.27,88.9968,0.1686,92.2045,3.1317,-0.0337,11.909,INF,112,100.366,3.8055,20250417,479772600,AA-,AA-,平衡型,120.865
128069.SZ,华森转债,105.003,0.0028,15221000,15965583,0.0507751542335757,华森制药,13.44,0.0067,18.01,74.6252,0.4071,92.9207,3.3018,-0.196,12.191,INF,115,INF,3.9918,20250624,299772600,AA-,AA-,平衡型,145.713
128070.SZ,智能转债,110.53,-0.0025,21734300,24021199,0.094618232412675,智能自控,6.67,0.0015,9.51,70.1367,0.5759,84.8192,1.5963,-0.1724,25.779,INF,112,INF,4.0137,20250702,229705200,A+,A+,平衡型,168.12
128071.SZ,合兴转债,106.859,0.0006,6590600,7048603,0.0219729367407066,合兴包装,3.76,-0.0027,4.28,87.8505,0.2164,96.5011,1.7833,-0.0888,10.443,INF,110,INF,4.137,20250816,299941700,AA,AA,平衡型,128.499
128072.SZ,翔鹭转债,101,0.007,4950000,4986624,0.0164004764421237,翔鹭钨业,8.96,-0.0078,15.34,58.4094,0.7292,88.694,3.2716,-0.341,12.368,INF,110,INF,4.1479,20250820,301820500,AA-,AA-,偏债型,173.92
128073.SZ,哈尔转债,109.139,-0.0042,5019000,5484569,0.0167947774566503,哈尔斯,4.75,-0.0206,5.7,83.3333,0.3097,95.3006,1.7833,-0.1247,13.938,INF,112,INF,3.1534,20240822,298842900,AA-,AA-,平衡型,140.109
128074.SZ,游族转债,118.447,0.0021,81364600,96040771,0.119177743496421,游族网络,17.97,-0.0175,16.97,105.8928,0.1186,100.1948,0.2934,0.0586,18.418,INF,115,INF,4.2411,20250923,682716400,AA,AA,平衡型,130.307
128075.SZ,远东转债,118.91,0.0048,4916100,5842376,0.00903947925126832,远东传动,6.37,0.0047,5.54,114.9819,0.0342,96.0349,-0.8215,0.1993,23.034,INF,110,INF,4.2411,20250923,543847700,AA,AA,平衡型,122.33
128076.SZ,金轮转债,107.12,-0.0026,4370000,4679583,0.0204355818552609,金轮股份,12.91,-0.0197,14.66,88.0628,0.2164,87.5587,1.6779,0.0062,19.596,INF,110,INF,4.2986,20251014,213842700,AA-,AA-,平衡型,128.76
128078.SZ,太极转债,117.339,-0.0003,3457000,4044382,0.00359973788660086,太极股份,20.46,-0.0303,22.4,91.3393,0.2846,97.2405,-0.0884,-0.0604,20.127,INF,112,INF,4.3178,20251021,960347700,AA,AA,平衡型,145.799
128079.SZ,英联转债,133.097,-0.021,75337000,100738309,0.495566757158015,英联股份,8.54,-0.0394,8.29,103.0157,0.292,82.2907,-2.9016,0.2528,50.866,INF,112,INF,4.3178,20251021,152021900,A+,A+,偏股型,162.297
128081.SZ,海亮转债,111,0.0091,25181400,27949798,0.00837641447254841,海亮股份,10.37,-0.0019,9.69,107.0175,0.0372,95.118,0.8028,0.1252,15.888,INF,110,INF,4.4027,20251121,3006226600,AA,AA,平衡型,114.72
128082.SZ,华锋转债,114.9,0.0052,5464000,6268859,0.0175221656678434,华锋股份,10.09,0.012,9.13,110.5148,0.0397,84.2283,1.2787,0.313,30.73,INF,115,INF,4.4384,20251204,311833600,A+,A+,偏股型,118.87
128083.SZ,新北转债,104.401,-0.0003,2097800,2191730,0.00239232130775062,新北洋,9.22,0.0022,11.45,80.524,0.2965,94.8,2.2147,-0.1506,9.601,INF,110,INF,4.4603,20251212,876888900,AA,AA,平衡型,134.051
128085.SZ,鸿达转债,108,0.0172,71895300,77810721,0.0923716579573814,鸿达兴业,4.12,0.0404,3.91,105.3708,0.025,39.2826,3.2829,1.685,68.756,INF,118,INF,4.4712,20251216,778326400,B,B,偏股型,110.5
128087.SZ,孚日转债,103.34,0.0023,12036800,12449507,0.0185245975561653,孚日股份,4.3,-0.0046,4.5,95.5556,0.0815,84.9078,2.0374,0.1255,18.439,INF,108,INF,4.474,20251217,649773900,AA-,AA-,平衡型,111.49
128090.SZ,汽模转2,110.242,-0.0035,8187000,9041915,0.0263743188164512,天汽模,4.1,-0.0073,4.21,97.3872,0.132,94.6297,0.9413,0.0291,15.612,INF,110,INF,4.5014,20251227,310415600,AA-,AA,平衡型,123.442
128091.SZ,新天转债,122.17,0.0024,34162000,41913905,0.193815733784485,新天药业,18.26,0.0088,16.39,111.4094,0.0966,82.28,-0.5196,0.3549,39.944,INF,113,INF,4.5096,20251230,176260200,A+,A+,偏股型,131.83
128093.SZ,百川转债,131.601,0.0125,215366200,282926058,0.566239965673216,百川股份,7.62,0.0146,5.77,132.0624,-0.0035,97.812,-0.3148,0.3503,33.798,INF,120,INF,4.5205,20260103,380344400,AA-,AA-,偏股型,131.251
128094.SZ,星帅转债,121.71,0.0092,29504000,36098805,0.116250984551748,星帅尔,16.61,0.0153,13.8,120.3623,0.0112,82.8829,-0.1311,0.4531,38.879,INF,115,INF,4.5562,20260116,253795700,A+,A+,偏股型,122.83
128095.SZ,恩捷转债,331.825,0.0439,226809300,748206618,0.426795846776789,恩捷股份,214.4,0.0309,64.92,330.2526,0.0048,94.0595,-20.7305,2.5113,237.772,INF,110,INF,4.6274,20260211,531423400,AA,AA,偏股型,332.305
128096.SZ,奥瑞转债,123.372,-0.0002,1382400,1704771,0.00203581257034738,奥瑞金,5.21,0.0058,4.5,115.7778,0.0656,97.1309,-1.4436,0.1923,26.271,INF,110,INF,4.6274,20260211,679040900,AA+,AA+,平衡型,129.932
128097.SZ,奥佳转债,220.681,-0.0248,95630900,211115455,0.20803372886127,奥佳华,22.85,-0.0172,10.39,219.923,0.0034,93.8647,-13.2375,1.3433,126.831,INF,110,INF,4.6658,20260225,459689400,AA,AA,偏股型,221.021
128100.SZ,搜特转债,83.66,0.0035,14049100,11754428,0.0175745603138755,搜于特,1.6,0.0063,2.9,55.1724,0.5163,95.3183,7.5159,-0.4211,-11.643,INF,112,INF,4.7068,20260312,799399800,AA,AA,偏债型,135.29
128101.SZ,联创转债,123.78,0.0146,102747300,128808710,0.342626565911246,联创电子,12.97,0.0277,13.72,94.5335,0.3094,93.5522,-1.6102,0.0106,30.243,INF,110,INF,4.7178,20260316,299881300,AA,AA,平衡型,154.72
128103.SZ,同德转债,163.022,-0.0129,38460000,62899482,0.353109678840963,同德化工,7.55,-0.0233,5.08,148.622,0.0969,81.6372,-6.1532,0.8216,81.432,INF,115,INF,4.7452,20260326,108918000,A+,A+,偏股型,172.712
128105.SZ,长集转债,107.55,-0.0014,26178800,28183491,0.0327426094054142,长青集团,7.04,-0.0126,7.91,89.0013,0.2084,93.3481,1.4169,-0.0463,14.226,INF,110,INF,4.7836,20260409,799533100,AA,AA,平衡型,128.39
128106.SZ,华统转债,110.45,0.0005,5348000,5906372,0.00999247014684148,华统股份,8.96,0,9.4,95.3191,0.1587,91.7199,0.4678,0.0395,18.754,INF,108,INF,4.7863,20260410,535203000,AA,AA,平衡型,126.32
128107.SZ,交科转债,109.496,0.003,6799100,7447721,0.0027199754273697,浙江交科,5.37,-0.0056,5.36,100.1866,0.0929,95.7656,1.0227,0.0465,13.765,INF,110,INF,4.8192,20260422,2499691700,AA+,AA+,平衡型,118.786
128108.SZ,蓝帆转债,121.6,0.0124,225253700,278200152,0.147168379878829,蓝帆医疗,21.18,0.0342,18.64,113.6266,0.0702,91.1584,-1.5237,0.2469,30.474,INF,108,INF,4.9178,20260528,1530584900,AA,AA,偏股型,128.62
128109.SZ,楚江转债,120.5,-0.0131,19025400,22939186,0.0103970308999273,楚江新材,8.75,-0.0289,8.63,101.3905,0.1885,92.687,-0.9754,0.0943,27.847,INF,110,INF,4.937,20260604,1829887800,AA,AA,平衡型,139.35
128111.SZ,中矿转债,269.97,-0.0012,142847200,386065252,0.92504256185797,中矿资源,40.64,-0.025,15.42,263.5538,0.0243,90.4434,-14.7148,1.9155,179.572,INF,118,INF,4.9562,20260611,154422300,AA-,AA-,偏股型,272.4
128113.SZ,比音转债,162.783,0.0011,26808000,43726351,0.0807272681281771,比音勒芬,24.24,0,14.9,162.6846,0.0006,94.1284,-6.5438,0.7291,68.696,INF,112,INF,4.9671,20260615,332081100,AA,AA,偏股型,162.843
128114.SZ,正邦转债,103.65,0.0114,27465400,28431465,0.0172057137548422,正邦科技,11.18,0.009,14.76,75.7453,0.3684,95.0876,2.1309,-0.2031,8.605,INF,110,INF,4.9726,20260617,1596295300,AA+,AA+,偏债型,140.49
128116.SZ,瑞达转债,101.8,0.0077,15297600,15566756,0.0235418607635962,瑞达期货,22.65,0.0395,29.55,76.6497,0.3281,92.7561,2.5719,-0.1733,9.085,INF,110,INF,5.0055,20260629,649804200,AA,AA,平衡型,134.61
128117.SZ,道恩转债,101.795,0.0025,5824400,5922193,0.0161823411216615,道恩股份,18.16,-0.0109,28.83,62.9899,0.6161,89.5954,4.0126,-0.2966,12.244,INF,118,INF,5.0137,20260702,359923200,AA-,AA-,偏债型,163.405
128118.SZ,瀛通转债,103.081,0.0007,6991900,7221902,0.0233178290230417,瀛通通讯,15.29,0.0007,21.12,72.3958,0.4239,88.732,3.523,-0.1837,14.394,INF,115,INF,5.0137,20260702,299852100,AA-,AA-,平衡型,145.471
128119.SZ,龙大转债,121.536,0.0188,12924000,15644131,0.0136588112649048,龙大肉食,10.4,0.0297,9.38,110.8742,0.0962,96.4493,-0.223,0.1501,25.135,INF,115,INF,5.0438,20260713,946202400,AA,AA,平衡型,131.156
128120.SZ,联诚转债,106.08,0.0018,5914000,6276717,0.0227473437072093,联诚精密,15.79,0.0019,18.44,85.6291,0.2388,70.3832,2.2528,0.2173,35.735,INF,112,INF,5.0548,20260717,259986400,A,A,偏股型,129.96
128121.SZ,宏川转债,109.949,0.0004,3514400,3842209,0.00524615144396049,宏川智慧,16.41,-0.0085,20.24,81.0771,0.3561,81.9796,0.6082,-0.0105,28.014,INF,108,INF,5.0548,20260717,669900600,AA-,AA-,平衡型,145.559
128122.SZ,兴森转债,117.77,0.0422,145539000,171074550,0.541419388631603,兴森科技,10.96,-0.0027,14.1,77.7305,0.5151,95.3607,-0.9573,-0.1842,22.493,INF,110,INF,4.0712,20250723,268810100,AA,AA,平衡型,169.28
128123.SZ,国光转债,103.152,0.0021,950000,979081,0.00296907938224397,国光股份,9.24,-0.0075,13.48,68.546,0.5049,83.9982,2.4281,-0.1835,19.2,INF,110,INF,5.0822,20260727,319964500,AA-,AA-,平衡型,153.642
128124.SZ,科华转债,105.118,0.0025,5412700,5666038,0.00733720976731229,科华生物,17.47,0.0104,21.51,81.218,0.2943,88.3031,0.967,-0.0798,16.859,INF,106,INF,5.0849,20260728,737705500,AA,AA,平衡型,134.548
128125.SZ,华阳转债,103.08,0.0027,1518000,1562994,0.00337426838059347,华阳国际,17.06,-0.0161,25.39,67.1918,0.5341,85.5226,2.8349,-0.2139,17.604,INF,113,INF,5.0904,20260730,449875300,AA-,AA-,偏债型,156.49
128127.SZ,文科转债,98.629,0.0019,12334500,12163184,0.0129858371256287,文科园林,4.39,-0.0023,4.88,89.959,0.0964,87.2486,4.1999,0.0317,11.431,INF,115,INF,5.1479,20260820,949842500,AA-,AA-,平衡型,108.269
128128.SZ,齐翔转2,144.981,0.0397,112847200,162915122,0.111440904932476,齐翔腾达,11.55,0.0303,7.97,144.9184,0.0004,92.0546,-4.4284,0.5751,52.974,INF,110,INF,5.1479,20260820,1012619200,AA,AA,偏股型,145.021
128129.SZ,青农转债,108.456,0.0113,19103000,20693953,0.00382074725159908,青农商行,4.38,0.021,4.47,97.9866,0.1068,93.0346,0.6695,0.0551,15.583,INF,108,INF,5.1616,20260825,4999807300,AAA,AAA,平衡型,119.136
128130.SZ,景兴转债,113.79,0.0099,15111500,17143720,0.0141882946264187,景兴纸业,3.77,0.0107,3.4,110.8824,0.0262,91.7519,0.2254,0.2091,22.086,INF,110,INF,5.1781,20260831,1065068100,AA,AA,偏股型,116.41
128131.SZ,崇达转2,103.499,0,2954400,3058291,0.00211036364700039,崇达技术,12.32,-0.0112,19.38,63.5707,0.6281,91.7698,2.1232,-0.3069,11.777,INF,110,INF,5.1973,20260907,1399948300,AA,AA,偏债型,166.309
128132.SZ,交建转债,96.769,0.0063,13339300,12887591,0.0157009617284865,新疆交建,10.81,-0.0009,18.57,58.2122,0.6623,93.3629,3.8335,-0.3762,3.455,INF,112,INF,5.2192,20260915,849584900,AA,AA,偏债型,162.999
128133.SZ,奇正转债,108.95,-0.0016,3733300,4060273,0.00466786957072429,奇正藏药,25.14,0.0088,30.12,83.4661,0.3053,93.2834,1.4477,-0.1048,15.716,INF,112,INF,5.2384,20260922,799786700,AA,AA,平衡型,139.48
128134.SZ,鸿路转债,138.61,0.018,61202800,83791220,0.0335554985844833,鸿路钢构,60.6,0.0216,43.51,139.2783,-0.0048,91.2517,-3.5132,0.5271,47.406,INF,110,INF,5.2849,20261009,1823927600,AA,AA,偏股型,138.13
128135.SZ,洽洽转债,115.11,-0.0008,4685300,5405698,0.00349662118165989,洽洽食品,44.75,0.0002,60.03,74.5461,0.5441,95.1627,0.832,-0.2162,19.997,INF,115,INF,5.3151,20261020,1339950700,AA,AA,偏债型,169.52
128136.SZ,立讯转债,116.84,-0.0056,510339800,624000827,0.170121375785579,立讯精密,47.01,0.0255,58.36,80.5517,0.4505,90.7548,-0.8122,-0.1121,26.121,INF,108,INF,5.3534,20261103,2999857000,AA+,AA+,平衡型,161.89
128137.SZ,洁美转债,126.9,-0.0008,4972400,6315765,0.0082881759645564,洁美科技,30.32,-0.0023,27.63,109.7358,0.1564,83.0401,-1.4844,0.3222,43.905,INF,112,INF,5.3562,20261104,599939000,AA-,AA-,偏股型,142.54
128138.SZ,侨银转债,103.068,0.0014,2826200,2911737,0.00672935684901711,侨银股份,16.08,-0.0019,25.33,63.482,0.6236,96.3876,5.4567,-0.341,6.733,INF,130,INF,5.3918,20261117,419980700,AA-,AA-,偏债型,165.428
128139.SZ,祥鑫转债,100.24,0.0014,3389700,3400721,0.00523929466360751,祥鑫科技,25.55,0.0016,36.96,69.1288,0.45,85.2591,3.5989,-0.1888,15.027,INF,115,INF,5.4301,20261201,646976400,AA-,AA-,平衡型,145.24
128140.SZ,润建转债,111.6,0.0046,13302500,14701527,0.012204884247419,润建股份,25.58,-0.0169,26.4,96.8939,0.1518,90.5482,0.5952,0.0706,21.092,INF,110,INF,5.4466,20261207,1089932500,AA,AA,平衡型,126.78
128141.SZ,旺能转债,112.252,0.0015,20779800,23278638,0.0148431871472477,旺能环境,16.22,-0.0073,15.97,101.5654,0.1052,90.3419,0.4667,0.1247,21.95,INF,110,INF,5.474,20261217,1399955400,AA,AA,平衡型,122.772
128142.SZ,新乳转债,118.8,0.0111,5897400,7012759,0.00821367762422571,新乳业,15.6,-0.0013,18.47,84.4613,0.4066,90.3308,-0.5859,-0.0646,28.51,INF,110,INF,5.4767,20261218,717997500,AA,AA,平衡型,159.46
128143.SZ,锋龙转债,112.36,-0.0121,19093500,21549544,0.0779326530612245,锋龙股份,13.26,-0.0335,12.73,104.1634,0.0787,76.2938,1.4859,0.3659,36.1,INF,115,INF,5.5342,20270108,245000000,A+,A+,偏股型,120.23
128144.SZ,利民转债,108.57,0.0081,5340000,5786838,0.00544897959183673,利民股份,12,0.0178,13.98,85.8369,0.2648,88.5164,0.8913,-0.03,20.079,INF,110,INF,5.6767,20270301,980000000,AA,AA,平衡型,135.05
128145.SZ,日丰转债,114.701,-0.0132,4902700,5618084,0.0129018421052632,日丰股份,14.55,-0.0136,13.66,106.5154,0.0768,79.5048,0.1078,0.3402,35.223,INF,110,INF,5.7342,20270322,380000000,AA-,AA-,偏股型,122.381
120002.SZ,18中原EB,0,0,0,0,0,中原传媒,6.92,0.0029,9.35,74.0107,0,113.4751,0,-0.3475,0,INF,INF,INF,2.4932,0,620000000,AA+,AA+,偏债型,0
120003.SZ,19华菱EB,139.78,0.0278,14758900,20254012,0.00737945,华菱钢铁,6.53,0.0398,4.47,146.085,-0.0432,101.4684,-5.8702,0.4419,38.467,INF,INF,INF,3.4137,0,2000000000,AAA,AAA,偏股型,135.46
120004.SZ,20华菱EB,131.499,0.0272,2568000,3376306,0.001712,华菱钢铁,6.53,0.0398,4.92,132.7236,-0.0092,100.9823,-4.0066,0.3163,30.672,INF,INF,INF,3.537,0,1500000000,AAA,AAA,偏股型,130.579
132004.SH,15国盛EB,102.3,0,0,0,0,上海建工,2.79,0,5.3,52.6415,0.9555,102.9836,2.8302,-0.4888,-0.031,INF,INF,INF,0.3589,0,4477340000,AAA,AAA,偏债型,197.85
132007.SH,16凤凰EB,104.35,0.001,6054000,6313496,0.0012108,凤凰传媒,7.4,0.0014,14.2,52.1127,1.0149,105.0028,2.71,-0.5036,0.014,INF,INF,INF,0.3452,0,5000000000,AAA,AAA,偏债型,205.84
132008.SH,17山高EB,104.8,0,1000,1048,4.00000160000064E-7,山东高速,6.24,0.0065,9.02,69.1796,0.5191,105.1489,2.9878,-0.342,-0.04,INF,INF,INF,0.8247,0,2499999000,AAA,AAA,偏债型,156.71
132009.SH,17中油EB,102.95,0.0003,35852000,36910823,0.0035852,中国石油,5.41,0.0037,8.24,65.6553,0.5826,103.74,2.8645,-0.3669,0.192,INF,INF,INF,1.0438,0,10000000000,AAA,AAA,偏债型,161.21
132011.SH,17浙报EB,100.5,0,0,0,0,浙数文化,7.46,0.0054,23.72,31.1093,2.2581,101.4894,3.1581,-0.6935,-0.125,INF,INF,INF,1.1397,0,2400000000,AAA,AAA,偏债型,326.31
132014.SH,18中化EB,114.95,0.0081,41039000,47126540,0.0117254312515271,中国化学,8.15,0.0037,7.13,110.8844,0.0381,101.8241,-3.5349,0.0894,13.319,INF,INF,INF,1.8247,0,3499999200,AAA,AAA,平衡型,118.76
132015.SH,18中油EB,102.26,0,80212000,82027858,0.0040106,中国石油,5.41,0.0037,8.66,62.4711,0.6458,102.6314,3.0174,-0.3911,0.22,INF,INF,INF,1.6,0,20000000000,AAA,AAA,偏债型,166.84
132016.SH,19东创EB,101.5,0,0,0,0,华安证券,5.71,0.0196,7.28,78.4341,0.2989,99.087,-0.4944,-0.2082,2.819,INF,INF,INF,0.7452,0,150000000,AA,AA,偏债型,131.39
132017.SH,19新钢EB,108.51,0.0036,10059000,10964938,0.00608715027327728,新钢股份,5.84,0.0466,6,97.3333,0.1158,105.4338,-0.684,-0.0765,3.211,INF,INF,INF,0.8082,0,1652497400,AA+,AA+,平衡型,120.09
132018.SH,G三峡EB1,120.15,0.0032,76472000,91537602,0.00430379614044621,长江电力,20.64,0.0118,17.44,118.3486,0.0161,99.7452,-3.3195,0.1876,20.605,INF,INF,INF,2.7836,0,17768499600,AAA,AAA,平衡型,121.76
132020.SH,19蓝星EB,116,-0.0009,2698000,3129680,0.000692958509045061,安迪苏,12.36,-0.0144,11.12,111.1511,0.0498,101.8959,-0.7116,0.0925,14.951,INF,INF,INF,3.3096,0,3893451000,AAA,AAA,平衡型,120.98
132021.SH,19中电EB,107.4,0.0035,14591000,15675663,0.00694809523809524,中国软件,58.9,-0.0198,74.17,79.4122,0.3561,102.4687,-0.451,-0.2248,5.246,INF,INF,INF,1.4192,0,2100000000,AAA,AAA,偏债型,143.01
132022.SH,20广版EB,100.55,0.0032,6028000,6041084,0.007535,南方传媒,7.88,0.009,11.26,69.9822,0.437,100.236,2.9977,-0.3016,0.367,INF,INF,INF,1.8411,0,800000000,AA+,AAA,偏债型,144.25
,,,,,,,,,,,,,,,,,,,,,,,,,,
数据来源：Wind,,,,,,,,,,,,,,,,,,,,,,,,,,
